date,season,neutral,playoff,team1,team2,elo1_pre,elo2_pre,elo_prob1,elo_prob2,elo1_post,elo2_post,qbelo1_pre,qbelo2_pre,qb1,qb2,qb1_value_pre,qb2_value_pre,qb1_adj,qb2_adj,qbelo_prob1,qbelo_prob2,qb1_game_value,qb2_game_value,qb1_value_post,qb2_value_post,qbelo1_post,qbelo2_post,score1,score2,quality,importance,total_rating
2021-09-09,2021,0,,TB,DAL,1656.23592987083,1452.42423600283,0.8245385444949991,0.17546145550500092,1659.6714372909,1448.98872858276,1634.45174390917,1505.6288242255,Tom Brady,Dak Prescott,213.41055017436858,231.49179884034237,8.527869371689466,17.881196355442853,0.736090277895479,0.263909722104521,317.12856624852475,397.4017251873075,223.78235178178423,248.0827914750389,1639.81595573489,1500.26461239978,31,29,85,48,67
2021-09-12,2021,0,,BUF,PIT,1634.00386072407,1526.42032423259,0.7297729044914865,0.27022709550851354,1601.06988523366,1559.354299723,1606.41473130055,1502.0654325584,Josh Allen,Ben Roethlisberger,244.60259409025804,218.98733847377505,10.202572355561548,9.106081842419744,0.716585008832354,0.283414991167646,217.56490985570812,83.0338041429864,241.89882566680305,205.39198504069617,1574.25745401774,1534.22270984121,16,23,78,58,68
2021-09-12,2021,0,,ATL,PHI,1484.49361709345,1426.46597194264,0.670004200101875,0.329995799898125,1437.71308115209,1473.246507884,1462.27378351577,1432.00054262358,Matt Ryan,Jalen Hurts,178.59651696121685,119.52962326488215,0.9956722169156194,-7.458144688717802,0.635254977215658,0.364745022784342,17.562048959146228,382.3698670223619,162.4930701610098,145.8136476406301,1418.48126849106,1475.79305764829,6,32,21,57,39
2021-09-12,2021,0,,IND,SEA,1561.49008374858,1565.75113437891,0.5865306405282676,0.41346935947173236,1530.54737055287,1596.69384757462,1527.52173127951,1553.10296204501,Carson Wentz,Russell Wilson,102.46922322975294,187.03065281486022,-21.756851343545005,-0.3268685144871426,0.522245105832159,0.477754894167841,216.6669724011758,246.65231764255597,113.88899814689525,192.99281929762984,1500.54139376389,1580.08329956063,16,28,63,73,68
2021-09-12,2021,0,,HOU,JAX,1432.77554209903,1339.02356327475,0.7137873146504335,0.28621268534956645,1447.90204573003,1323.89705964375,1357.11260058243,1385.36378192742,Tyrod Taylor,Trevor Lawrence,120.46864185927187,112.90158,-101.64484954214346,-6.469035658326765,0.407361322838477,0.592638677161523,287.4284573707193,82.47906905989937,137.1646234104166,109.85932890598994,1391.71843357762,1350.75794893223,37,21,0,17,9
2021-09-12,2021,0,,TEN,ARI,1553.39721722001,1486.43695568349,0.6812721657113258,0.31872783428867424,1506.17151864956,1533.66265425394,1534.79305468692,1483.21904046726,Ryan Tannehill,Kyler Murray,207.78041052066803,217.21686486028685,6.311824854617033,5.662860138279655,0.657170820241354,0.342829179758646,33.68456477355486,302.0173112232985,190.3708259459567,225.696909496588,1489.65105304156,1528.36104211262,13,38,56,59,58
2021-09-12,2021,0,,DET,SF,1390.64524910337,1490.66595095681,0.44977115486500696,0.550228845134993,1371.18998305936,1510.12121700082,1369.55763405883,1548.0578439056,Jared Goff,Jimmy Garoppolo,160.6390937928922,127.74856882720877,-1.519107942510196,-4.082609061149185,0.343426676278325,0.656573323721675,269.3849195966204,175.21692354269464,171.51367637326499,132.49540429875736,1355.20060942193,1562.4148685425,33,41,23,45,34
2021-09-12,2021,0,,WSH,LAC,1463.23379626925,1496.9453348771,0.5449063844382106,0.4550936155617894,1445.44088511343,1514.73824603292,1489.48797605695,1517.60210067526,Ryan Fitzpatrick,Justin Herbert,190.4666912543703,191.69135528399636,24.823213135492193,5.549695242539244,0.579076497871764,0.420923502128236,-1.92819238379691,180.05233051947272,171.22720289055354,190.52745280754397,1470.36659767759,1536.72347905462,16,20,58,67,63
2021-09-12,2021,0,,CIN,MIN,1412.11982567755,1494.5227209927,0.4749761449039141,0.525023855096086,1426.79264585186,1479.84990081839,1426.33862379998,1502.49676333132,Joe Burrow,Kirk Cousins,154.38751036221348,200.02342867698542,4.532814540039714,8.142599752013114,0.46788419409926,0.53211580590074,154.35988068312042,283.2565827022136,154.38474739430418,208.34674407950826,1441.24340610999,1487.59198102131,27,24,33,57,45
2021-09-12,2021,0,,CAR,NYJ,1436.53931839259,1381.74750021599,0.6658728521688951,0.33412714783110486,1447.89452749365,1370.39229111493,1458.5374833288,1392.50273416531,Sam Darnold,Zach Wilson,104.47161660834459,112.44816,-17.899887158874932,-2.0904255335861732,0.649769020868439,0.350230979131561,226.64375553273365,-8.498819378058899,116.6888305007835,100.35346206219411,1470.50409640853,1380.53612108558,19,14,12,36,24
2021-09-12,2021,0,,NE,MIA,1500.99746243259,1532.21301019351,0.5484670709067537,0.45153292909324627,1493.275511685,1539.9349609411,1520.03796884731,1528.45021111073,Mac Jones,Tua Tagovailoa,106.55369999999999,128.2789391500762,-15.1549713355976,-12.355888602365233,0.569625165791396,0.430374834208604,257.01575906994634,109.79415967203387,121.59990590699464,126.43046120227199,1511.96253792523,1536.52564203281,16,17,54,90,72
2021-09-12,2021,0,,KC,CLE,1643.35778701558,1531.69726243689,0.7343760667074564,0.26562393329254363,1651.27235027267,1523.7826991798,1640.21004844659,1562.48323308307,Patrick Mahomes,Baker Mayfield,232.16244186572052,173.37698787347563,2.0822003296723293,3.9617113469478564,0.683352333175663,0.316647666824337,391.53494707581206,159.61766656161214,248.09969238672969,172.00105574228928,1649.81890453906,1552.8743769906,33,29,90,60,75
2021-09-12,2021,0,,NYG,DEN,1425.40108592539,1449.69551781791,0.5583134525659972,0.4416865474340028,1394.59222690765,1480.50437683565,1446.61525996127,1491.91914310986,Daniel Jones,Teddy Bridgewater,120.818936231333,160.13867808188877,-3.746332185520984,12.5449040643386,0.499869408531093,0.500130591468907,226.62210429924053,290.4182998238765,131.39925303812376,173.16664025608753,1419.54294757744,1518.99145549369,13,27,34,60,47
2021-09-12,2021,1,,NO,GB,1614.95936469189,1629.33743079564,0.4793201035956061,0.5206798964043939,1652.52218129382,1591.77461419371,1552.72492605052,1584.66477716081,Jameis Winston,Aaron Rodgers,149.4754866924155,268.837927013728,-15.689334234760217,17.06913198329195,0.407953144766497,0.592046855233503,371.447665874802,-67.64054829750239,171.67270461065414,235.19007948260497,1596.44281844839,1540.94688476294,38,3,80,74,77
2021-09-12,2021,0,,LAR,CHI,1571.73427292628,1496.16718002393,0.6919324443658756,0.30806755563412436,1589.36607587075,1478.53537707946,1569.71096830765,1467.24760314562,Matthew Stafford,Andy Dalton,161.92700444568447,121.87840151254483,0.6598179825329438,-11.19521455817951,0.734004053234764,0.265995946765236,312.73235739556037,100.78161336732258,177.00753974067206,119.7687226980226,1584.70575312514,1452.25281832813,34,14,54,54,54
2021-09-13,2021,0,,OAK,BAL,1473.13101372901,1605.83975771845,0.4037743882873374,0.5962256117126625,1497.07186350283,1581.89890794463,1456.19125945714,1591.69992147818,Derek Carr,Lamar Jackson,184.3714181414348,207.05646292688212,1.3024904665225285,0.8426719396273135,0.398361348192785,0.601638651807215,250.70870338095511,221.1194832225413,191.00514666538683,208.46276495644804,1480.39389809097,1567.49728284435,33,27,60,65,63
2021-09-16,2021,0,,WSH,NYG,1445.44088511343,1394.59222690765,0.6608038474731297,0.3391961525268703,1449.90791522859,1390.12519679249,1470.36659767759,1419.54294757744,Taylor Heinicke,Daniel Jones,31.082280503134772,131.39925303812373,-126.18261409060952,1.7311428271503166,0.469388598526643,0.530611401473357,282.4636758483078,337.9960050091251,56.220420037652076,152.05892823522385,1477.79433961535,1412.11520563968,30,29,4,48,26
2021-09-19,2021,0,,NYJ,NE,1370.39229111493,1493.275511685,0.41746158539733863,0.5825384146026613,1346.02143887163,1517.6463639283,1380.53612108558,1511.96253792523,Zach Wilson,Mac Jones,100.35346206219411,121.59990590699456,-8.033253225809792,-6.874119815320555,0.391099796806711,0.608900203193289,-132.33925729594284,51.267858771722004,77.08419012638042,114.56670119346734,1357.89496195108,1534.60369705973,6,25,18,52,35
2021-09-19,2021,0,,PIT,OAK,1559.354299723,1497.07186350283,0.6753967438565561,0.3246032561434439,1526.34113185912,1530.08503136671,1534.22270984121,1480.39389809097,Ben Roethlisberger,Derek Carr,205.39198504069608,191.005146665387,1.8531010337591516,4.554230205172574,0.658168288827513,0.341831711172487,135.77980007703934,378.25295537854765,198.4307665443304,209.72992753670306,1502.25942340542,1512.35718452676,17,26,53,78,66
2021-09-19,2021,0,,IND,LAR,1530.54737055287,1589.36607587075,0.5088946596731859,0.4911053403268141,1516.39805958312,1603.5153868405,1500.54139376389,1584.70575312514,Carson Wentz,Matthew Stafford,113.88899814689529,177.0075397406722,-14.959121317796697,8.167094730900281,0.435556860173484,0.564443139826516,169.95882371458154,163.00599277605323,119.49598070366392,175.6073850442103,1488.70741415887,1596.53973273016,24,27,68,64,66
2021-09-19,2021,0,,CHI,CIN,1478.53537707946,1426.79264585186,0.6619564828186961,0.3380435171813039,1487.43564204028,1417.89238089104,1452.25281832813,1441.24340610999,Andy Dalton,Joe Burrow,119.76872269802253,154.3847473943042,-11.690293237531588,4.304792329083162,0.572900558391042,0.427099441608958,86.24004458272798,-39.537969458592656,116.41585488649308,134.9924757090145,1463.8261330796,1429.67009135852,20,17,20,49,35
2021-09-19,2021,0,,MIA,BUF,1539.9349609411,1601.06988523366,0.5055620616221473,0.49443793837785266,1503.63736697121,1637.36747920355,1536.52564203281,1574.25745401774,Tua Tagovailoa,Josh Allen,126.43046120227216,241.89882566680313,-12.662333146149045,8.340559526055921,0.501337713781645,0.498662286218355,-37.31159504853792,123.68126213207391,110.05625557719117,230.0770693133302,1500.5793902342,1610.20370581635,0,35,74,91,83
2021-09-19,2021,0,,PHI,SF,1473.246507884,1510.12121700082,0.5403873651786116,0.45961263482138837,1451.94325720754,1531.42446767728,1475.79305764829,1562.4148685425,Jalen Hurts,Jimmy Garoppolo,145.8136476406302,132.49540429875748,6.0567747335921,-1.5050608723174115,0.479891372183871,0.520108627816129,218.26196463241433,249.63023752681408,153.0584793398086,144.20888762156315,1457.23448288989,1580.9734433009,11,17,59,79,69
2021-09-19,2021,0,,CAR,NO,1447.89452749365,1652.52218129382,0.3092214975115223,0.6907785024884777,1492.08704839132,1608.32966039615,1470.50409640853,1596.44281844839,Sam Darnold,Jameis Winston,116.68883050078352,171.67270461065405,-10.896285854711742,-3.8062585639029543,0.393120089449088,0.606879910550912,250.1977701329977,-87.30758739353111,130.03972446400496,145.77467541023555,1508.15605718623,1558.79085767069,26,7,60,77,69
2021-09-19,2021,0,,JAX,DEN,1323.89705964375,1480.50437683565,0.3711388794838474,0.6288611205161526,1306.80953555027,1497.59190092913,1350.75794893223,1518.99145549369,Trevor Lawrence,Teddy Bridgewater,109.85932890599005,173.16664025608762,-7.666709422415349,18.43163994822117,0.316865731709584,0.683134268290416,-60.29270990009652,223.52332551780825,92.84412502538139,178.20230878225965,1336.43081797086,1533.31858645506,13,23,18,45,32
2021-09-19,2021,0,,CLE,HOU,1523.7826991798,1447.90204573003,0.6923170682249868,0.30768293177501316,1537.65048165202,1434.03426325781,1552.8743769906,1391.71843357762,Baker Mayfield,Tyrod Taylor,172.0010557422894,137.16462341041645,3.075659714007542,-88.21461628946405,0.857614773976988,0.142385226023012,158.5114066225295,200.65449073764566,170.6520908303134,143.5136101431394,1558.85491319013,1385.73789737809,31,21,13,16,15
2021-09-19,2021,0,,TB,ATL,1659.6714372909,1437.71308115209,0.8391429624058464,0.1608570375941536,1668.71595636011,1428.66856208288,1639.81595573489,1418.48126849106,Tom Brady,Matt Ryan,223.7823517817841,162.49307016100983,13.287376706812584,-7.105834794033676,0.847828401996259,0.152171598003741,267.847664686869,176.1979299435666,228.18888307229255,163.86355613926548,1648.33296929024,1409.96425493571,48,25,60,19,40
2021-09-19,2021,0,,ARI,MIN,1533.66265425394,1479.84990081839,0.664617761154424,0.33538223884557605,1538.0738112689,1475.43874380343,1528.36104211262,1487.59198102131,Kyler Murray,Kirk Cousins,225.69690949658786,208.3467440795083,9.619739449516043,11.897127465673904,0.638243576396615,0.361756423603385,383.2181776645893,331.27662755050045,241.449036313388,220.63973242660754,1533.16087018271,1482.79215295122,34,33,58,73,66
2021-09-19,2021,0,,LAC,DAL,1514.73824603292,1448.98872858276,0.6797568749915748,0.3202431250084252,1494.70050881844,1469.02646579724,1536.72347905462,1500.26461239978,Justin Herbert,Dak Prescott,190.5274528075439,248.08279147503885,4.690259242185994,25.282632855018974,0.607358252289464,0.392641747710536,179.79842895172357,145.97450825101782,189.4545504219619,237.87196315263674,1519.28319915472,1517.70489229968,17,20,66,66,66
2021-09-19,2021,0,,SEA,TEN,1596.69384757462,1506.17151864956,0.709974147229171,0.29002585277082904,1575.51178258371,1527.35358364047,1580.08329956063,1489.65105304156,Russell Wilson,Ryan Tannehill,192.99281929762986,190.37082594595657,2.6705581526220086,-2.7085586754695736,0.713729370126253,0.286270629873747,242.33273667775853,220.31991479674207,197.92681103564271,193.36573483103513,1558.75602094047,1510.97833166172,30,33,66,52,59
2021-09-19,2021,0,,BAL,KC,1581.89890794463,1651.27235027267,0.4937064429622517,0.5062935570377483,1588.93160747921,1644.23965073809,1567.49728284435,1649.81890453906,Lamar Jackson,Patrick Mahomes,208.46276495644807,248.09969238672946,1.5036893574288313,9.946715573693249,0.454165615668132,0.545834384331868,348.9430742491551,366.1795592275326,222.51079588571878,259.90767907080976,1575.17562501081,1642.1405623726,36,35,93,81,87
2021-09-20,2021,0,,GB,DET,1591.77461419371,1371.18998305936,0.838072687009403,0.16192731299059704,1600.21469858767,1362.7498986654,1540.94688476294,1355.20060942193,Aaron Rodgers,Jared Goff,235.19007948260483,171.51367637326493,-0.6082483814342353,3.994138744801589,0.796749120275597,0.203250879724403,245.29236838118496,292.1215735966866,236.20030837246284,183.5744660956071,1551.75066867924,1344.39682550563,35,17,21,33,27
2021-09-23,2021,0,,HOU,CAR,1434.03426325781,1492.08704839132,0.5099965136095819,0.49000348639041813,1405.66446476028,1520.45684688885,1385.73789737809,1508.15605718623,Davis Mills,Sam Darnold,82.97586,130.03972446400485,-141.1671422517688,-3.676024580365501,0.239009372955047,0.760990627044953,64.20408299177036,210.28212730702816,81.09868229917704,138.06396474830717,1373.59486077813,1520.29909378619,9,24,2,24,13
2021-09-26,2021,0,,BUF,WSH,1637.36747920355,1449.90791522859,0.8105018054145118,0.18949819458548822,1648.02759449283,1439.24779993931,1610.20370581635,1477.79433961535,Josh Allen,Taylor Heinicke,230.0770693133302,56.22042003765198,2.012653373016651,-107.3044136188203,0.847441404961439,0.152558595038561,508.5024957742917,165.82027571951392,257.9196119594264,67.18040560583816,1618.62978756105,1469.36825787065,43,21,38,19,29
2021-09-26,2021,0,,KC,LAC,1644.23965073809,1494.70050881844,0.7746901496735364,0.22530985032646356,1610.83229021851,1528.10786933802,1642.1405623726,1519.28319915472,Patrick Mahomes,Justin Herbert,259.90767907080965,189.45455042196176,15.353373137048438,3.919295087285491,0.754201596688545,0.245798403311455,227.08207385409182,341.0322115523235,256.6251185491379,204.61231653499792,1609.93749246701,1551.48626906031,24,30,86,56,71
2021-09-26,2021,0,,DET,BAL,1362.7498986654,1588.93160747921,0.2833638478287741,0.7166361521712259,1356.94877451389,1594.73273163072,1344.39682550563,1575.17562501081,Jared Goff,Lamar Jackson,183.57446609560705,222.5107958857189,9.824826668732463,8.452520354192954,0.269961599778496,0.730038400221504,139.27687228178064,67.00404097775058,179.1447067142244,206.96012039492203,1338.89717884181,1580.67527167463,17,19,28,25,27
2021-09-26,2021,0,,JAX,ARI,1306.80953555027,1538.0738112689,0.2774603801437347,0.7225396198562652,1293.57620376766,1551.30714305151,1336.43081797086,1533.16087018271,Trevor Lawrence,Kyler Murray,92.8441250253815,241.44903631338798,-15.790975891598817,17.01481588544033,0.276248344058866,0.723751655941134,74.43908718860196,272.04345025754293,91.00362124170356,244.50847770780345,1323.26114685419,1546.33054129938,19,31,15,28,22
2021-09-26,2021,0,,TEN,IND,1527.35358364047,1516.39805958312,0.6076000239690891,0.3923999760309109,1544.82119683984,1498.93044638375,1510.97833166172,1488.70741415887,Ryan Tannehill,Carson Wentz,193.36573483103513,119.49598070366385,-1.075676299156818,-11.407673973522737,0.624819848220447,0.375180151779553,207.62198415287568,-9.397609140504386,194.7913597632192,106.60662171924703,1527.58709093981,1472.09865488078,25,16,45,97,71
2021-09-26,2021,0,,CLE,CHI,1537.65048165202,1487.43564204028,0.6599855738586851,0.34001442614131494,1557.32381278325,1467.76231090905,1558.85491319013,1463.8261330796,Baker Mayfield,Justin Fields,170.65209083031348,108.36738,2.247394272319333,-20.830687367912738,0.731754578120012,0.268245421879988,111.56522002996195,-293.85194278361166,164.74340375027833,68.14544772163883,1573.98921879968,1448.69182747005,26,6,49,46,48
2021-09-26,2021,0,,NE,NO,1517.6463639283,1608.32966039615,0.46310594370030445,0.5368940562996956,1492.26265276656,1633.71337155789,1534.60369705973,1558.79085767069,Mac Jones,Jameis Winston,114.56670119346738,145.7746754102354,-10.047016181318149,-16.56496023591717,0.561137162641048,0.438862837358952,70.01417264197289,92.04399658447917,110.11144833831793,140.40160752765976,1502.87181509751,1590.52273963291,13,28,66,72,69
2021-09-26,2021,0,,PIT,CIN,1526.34113185912,1417.89238089104,0.7307539710741509,0.26924602892584915,1483.37532414622,1460.85818860394,1502.25942340542,1429.67009135852,Ben Roethlisberger,Joe Burrow,198.43076654433054,134.99247570901454,-1.7201632661116235,-5.60658313001589,0.68195026819787,0.31804973180213,67.37433336921639,231.59659862524512,185.3251232268191,144.6528880006376,1462.95719110874,1468.9723236552,10,24,29,57,43
2021-09-26,2021,0,,NYG,ATL,1390.12519679249,1428.66856208288,0.5380007363850455,0.46199926361495447,1375.02708301306,1443.76667586231,1412.11520563968,1409.96425493571,Daniel Jones,Matt Ryan,152.05892823522387,163.8635561392655,11.974423284343072,-6.065300065204031,0.61065244773973,0.38934755226027,142.88157246815067,192.7367830715174,151.14119265851656,166.7508788324907,1394.56047211079,1427.5189884646,14,17,11,19,15
2021-09-26,2021,0,,OAK,MIA,1530.08503136671,1503.63736697121,0.6286465970380183,0.3713534029619817,1539.97023450984,1493.75216382808,1512.35718452676,1500.5793902342,Derek Carr,Jacoby Brissett,209.72992753670297,125.48108316434327,13.688909130571956,-4.791491714229979,0.63200355219814,0.36799644780186,184.12349004109532,189.34710108881225,207.16928378714218,131.86768495679019,1522.14234031822,1490.79423444274,31,28,54,88,71
2021-09-26,2021,0,,DEN,NYJ,1497.59190092913,1346.02143887163,0.7767245884652014,0.22327541153479857,1510.99051319521,1332.62282660555,1533.31858645506,1357.89496195108,Teddy Bridgewater,Zach Wilson,178.20230878225973,77.08419012638058,20.027892213896163,-19.266226532425943,0.830624872343682,0.169375127656318,148.00075684876086,-152.02178338946675,175.18215358890987,54.17359277479584,1543.23782696814,1347.975721438,26,0,19,17,18
2021-09-26,2021,0,,MIN,SEA,1475.43874380343,1575.51178258371,0.4496965972008547,0.5503034027991454,1504.95494421393,1545.99558217321,1482.79215295122,1558.75602094047,Kirk Cousins,Russell Wilson,220.63973242660765,197.92681103564257,17.44876526593989,5.00402611399714,0.495760215573426,0.504239784426574,378.5602100725302,212.553559796985,236.4317801911999,199.3894859117768,1509.44219587577,1532.10597801592,30,17,65,74,70
2021-09-26,2021,0,,LAR,TB,1603.5153868405,1668.71595636011,0.49971135729083727,0.5002886427091627,1627.51036984197,1644.72097335864,1596.53973273016,1648.33296929024,Matthew Stafford,Tom Brady,175.60738504421045,228.18888307229255,7.058662646124535,14.826273516726213,0.505836097618175,0.494163902381825,368.32432446201483,434.33717354447634,194.87907898599087,248.80371211951092,1620.19519153567,1624.67751048473,34,24,96,88,92
2021-09-26,2021,0,,SF,GB,1531.42446767728,1600.21469858767,0.49454563562676934,0.5054543643732307,1520.57687800228,1611.06228826267,1580.9734433009,1551.75066867924,Jimmy Garoppolo,Aaron Rodgers,144.20888762156315,236.2003083724627,4.426933832701374,-0.07272151743351855,0.634825445480465,0.365174554519535,99.94178593247705,246.25515741641857,139.78217745265454,237.20579327685834,1566.38804075167,1566.33607122847,28,30,80,68,74
2021-09-27,2021,0,,DAL,PHI,1469.02646579724,1451.94325720754,0.6159774145911061,0.3840225854088939,1491.56870984542,1429.40101315936,1517.70489229968,1457.23448288989,Dak Prescott,Jalen Hurts,237.8719631526368,153.05847933980868,18.913087051066892,9.376351846501853,0.679146457918534,0.320853542081466,190.25501666609821,176.71479851976224,233.11026850398292,155.42411125780404,1536.14968680659,1438.78968838298,41,21,49,90,70
2021-09-30,2021,0,,CIN,JAX,1460.85818860394,1293.57620376766,0.7920163540258279,0.20798364597417207,1466.07401823485,1288.36037413675,1468.9723236552,1323.26114685419,Joe Burrow,Trevor Lawrence,144.6528880006376,91.00362124170371,-0.49604782770344324,-15.921678988857828,0.778793816444224,0.221206183555776,292.3975687602908,210.4919077163806,159.42735607660293,102.9524498891714,1474.55101524725,1317.68245526214,24,21,4,17,11
2021-10-03,2021,0,,CHI,DET,1467.76231090905,1356.94877451389,0.7334238967518478,0.2665761032481522,1479.60067658599,1345.11040883695,1448.69182747005,1338.89717884181,Justin Fields,Jared Goff,68.14544772163887,179.14470671422444,-39.9001191386975,7.118705644604727,0.664502992338468,0.335497007661532,20.06012994448815,180.2032500440888,63.3369159439238,179.25056104721088,1463.95773438493,1323.63127192693,24,14,3,16,10
2021-10-03,2021,0,,MIN,CLE,1504.95494421393,1557.32381278325,0.5181696550426685,0.48183034495733146,1483.28043153346,1578.99832546372,1509.44219587577,1573.98921879968,Kirk Cousins,Baker Mayfield,236.4317801911999,164.7434037502783,24.4723508849391,-0.8193189813141465,0.526255983084068,0.473744016915932,13.516945371194097,-41.64782717723925,214.14029670919933,144.10428065752654,1487.3726341831,1596.05878049235,7,14,74,71,73
2021-10-03,2021,0,,DAL,CAR,1491.56870984542,1520.45684688885,0.5517828096657981,0.44821719033420193,1510.94729688647,1501.0782598478,1536.14968680659,1520.29909378619,Dak Prescott,Sam Darnold,233.11026850398306,138.06396474830717,15.58658537418675,0.5198967908039221,0.626296345739268,0.373703654260732,340.470169857807,208.1053496093992,243.84625863936546,145.06810323441638,1551.92854935566,1504.52023123712,36,28,67,71,69
2021-10-03,2021,0,,BUF,HOU,1648.02759449283,1405.66446476028,0.8543736336928722,0.14562636630712777,1657.51761848894,1396.17444076417,1618.62978756105,1373.59486077813,Josh Allen,Davis Mills,257.9196119594265,81.09868229917706,15.833292027413856,-135.04737398959193,0.932479657278094,0.0675203427219057,212.93431195730165,-219.03444705083666,253.42108195921406,51.08536936417569,1622.78351227025,1369.44113606893,40,0,10,3,7
2021-10-03,2021,0,,NO,NYG,1633.71337155789,1375.02708301306,0.8656797377380059,0.13432026226199412,1594.2106279616,1414.52982660935,1590.52273963291,1394.56047211079,Jameis Winston,Daniel Jones,140.4016075276597,151.14119265851662,-18.42324616540914,10.916834331772385,0.786292765501046,0.213707234498954,199.56623493356648,405.38975502549806,146.31807026825038,176.56604889521478,1556.41288068398,1428.67033105972,21,27,40,25,33
2021-10-03,2021,0,,MIA,IND,1493.75216382808,1498.93044638375,0.5852495897241264,0.41475041027587356,1464.90028808203,1527.7823221298,1490.79423444274,1472.09865488078,Jacoby Brissett,Carson Wentz,131.8676849567903,106.60662171924699,-1.3586162322948594,-17.281969767054953,0.631635936721808,0.368364063278192,124.27717596085702,215.80360655466558,131.10863405719698,117.52632020278884,1459.15510626689,1503.73778305663,17,27,34,67,51
2021-10-03,2021,0,,ATL,WSH,1443.76667586231,1439.24779993931,0.5987315834182038,0.40126841658179624,1423.86537885069,1459.14909695093,1427.5189884646,1469.36825787065,Matt Ryan,Taylor Heinicke,166.7508788324907,67.18040560583813,-4.318373715331167,-96.45920015378624,0.649940752367001,0.350059247632999,311.11366200120324,318.8537848603681,181.18715714936195,92.34774353129113,1405.5234939978,1491.36375233745,30,34,7,31,19
2021-10-03,2021,0,,NYJ,TEN,1332.62282660555,1544.82119683984,0.29999074493028277,0.7000092550697172,1353.42290306418,1524.02112038121,1347.975721438,1527.58709093981,Zach Wilson,Ryan Tannehill,54.17359277479577,194.79135976321922,-29.758213881596973,-0.30908001810707403,0.295379890241087,0.704620109758913,152.73856233214588,29.35701002194785,64.03008973053079,178.24792478909208,1368.95195411042,1506.61085826739,27,24,12,16,14
2021-10-03,2021,0,,PHI,KC,1429.40101315936,1610.83229021851,0.3384448252609386,0.6615551747390613,1412.91180011419,1627.32150326368,1438.78968838298,1609.93749246701,Jalen Hurts,Patrick Mahomes,155.42411125780407,256.6251185491379,10.090350213174336,12.944424219360181,0.340450061961186,0.659549938038814,321.9668919903321,383.9885568484185,172.07838933105688,269.3614623790659,1422.19164725565,1626.53553359434,30,42,64,58,61
2021-10-03,2021,0,,LAR,ARI,1627.51036984197,1551.30714305151,0.692712468917145,0.307287531082855,1584.72001305086,1594.09749984262,1620.19519153567,1546.33054129938,Matthew Stafford,Kyler Murray,194.87907898599062,244.50847770780354,16.341576484708533,17.69379578837608,0.67745386685759,0.32254613314241,234.36342384479673,295.10660588287857,198.8275134718712,249.56829052531103,1578.59568138209,1587.93005145296,20,37,89,70,80
2021-10-03,2021,0,,SF,SEA,1520.57687800228,1545.99558217321,0.5567169049377236,0.44328309506227637,1496.99948011116,1569.57298006433,1566.38804075167,1532.10597801592,Jimmy Garoppolo,Russell Wilson,139.78217745265454,199.38948591177692,1.9922320566119573,5.4851622463644425,0.624708186916439,0.375291813083561,55.33849058452836,191.6686905612227,131.3378087658419,198.6174063767215,1539.31791429225,1559.17610447534,21,28,74,89,82
2021-10-03,2021,0,,GB,PIT,1611.06228826267,1483.37532414622,0.7519790652667512,0.24802093473324882,1621.99896421666,1472.43864819223,1566.33607122847,1462.95719110874,Aaron Rodgers,Ben Roethlisberger,237.20579327685834,185.32512322681893,0.43365701063586354,-8.18697676156206,0.725670412138715,0.274329587861285,200.5130597096078,109.76098765147825,233.5365199201333,177.76870966928487,1578.5538685221,1450.73939381511,27,17,53,35,44
2021-10-03,2021,0,,DEN,BAL,1510.99051319521,1594.73273163072,0.47305391217320464,0.5269460878267953,1484.41169011572,1621.31155471021,1543.23782696814,1580.67527167463,Teddy Bridgewater,Lamar Jackson,175.18215358891004,206.96012039492194,17.51642000652654,0.2545565910848282,0.558535547860426,0.441464452139574,-8.300680316683227,201.3855967956317,156.8338701983507,206.4026680349929,1510.98985708592,1612.92324155685,7,23,81,84,83
2021-10-03,2021,0,,NE,TB,1492.26265276656,1644.72097335864,0.37673011695832886,0.6232698830416712,1484.3015307561,1652.6820953691,1502.87181509751,1624.67751048473,Mac Jones,Tom Brady,110.11144833831779,248.80371211951098,-11.772291799827256,24.392374364499208,0.362168992880116,0.637831007119884,152.5343992545374,118.42808777088035,114.35374342993974,235.7661496846479,1495.25456308406,1632.29476249818,17,19,79,50,65
2021-10-04,2021,0,,LAC,OAK,1528.10786933802,1539.97023450984,0.5758804745577539,0.42411952544224607,1550.53687044745,1517.54123340041,1551.48626906031,1522.14234031822,Justin Herbert,Derek Carr,204.61231653499792,207.16928378714204,11.302213389439169,11.72414179926297,0.619737574354321,0.380262425645679,195.35603704999667,63.564261177012085,203.68668858649778,192.80878152612905,1571.31683698925,1502.31177238928,28,14,72,85,79
2021-10-07,2021,0,,SEA,LAR,1569.57298006433,1584.72001305086,0.5712558298998996,0.42874417010010035,1542.65571995445,1611.63727316074,1559.17610447534,1578.59568138209,Russell Wilson,Matthew Stafford,198.61740637672162,198.8275134718712,4.8248643665187885,17.49871490341326,0.538450815233323,0.461549184766677,95.18756660435979,219.5178570709268,188.27442239948542,200.8965478317768,1534.07406799909,1603.69771785834,17,26,84,90,87
2021-10-10,2021,1,,ATL,NYJ,1423.86537885069,1353.42290306418,0.6000082508214416,0.3999917491785584,1439.98444665858,1337.30383525629,1405.5234939978,1368.95195411042,Matt Ryan,Zach Wilson,181.18715714936198,64.03008973053065,3.1156841288710573,-23.34205470964983,0.589724282392591,0.410275717607409,340.03545053647616,-44.94261336702522,197.07198648807343,53.13281942077507,1422.11115049224,1352.36429761598,27,20,3,11,7
2021-10-10,2021,0,,TB,MIA,1652.6820953691,1464.90028808203,0.8107865454127636,0.18921345458723637,1664.11159051926,1453.47079293187,1632.29476249818,1459.15510626689,Tom Brady,Jacoby Brissett,235.76614968464776,131.10863405719695,16.653974428842613,-1.6702108704768206,0.805856087587656,0.194143912412344,477.8897172425573,143.22397030743548,259.9785064404387,132.32016768222078,1644.04857532749,1447.40129343758,45,17,72,22,47
2021-10-10,2021,0,,CAR,PHI,1501.0782598478,1412.91180011419,0.7071737613084563,0.29282623869154367,1480.00402833493,1433.98603162706,1504.52023123712,1422.19164725565,Sam Darnold,Jalen Hurts,145.06810323441644,172.07838933105677,3.9959711943185203,17.91297173914181,0.672772569792725,0.327227430207275,-97.24457997837759,155.11295238054166,120.83683491313704,170.38184563600527,1484.74134988741,1441.97052860536,18,21,34,65,50
2021-10-10,2021,0,,PIT,DEN,1472.43864819223,1484.41169011572,0.5757248587527841,0.4242751412472159,1490.64438764893,1466.20595065902,1450.73939381511,1510.98985708592,Ben Roethlisberger,Teddy Bridgewater,177.768709669285,156.8338701983506,-11.555834702250968,7.466457310920307,0.472691803027974,0.527308196972026,213.7226079714752,211.57369773975233,181.36409949950402,162.3078529524908,1474.11349406882,1487.61575683221,27,19,36,57,47
2021-10-10,2021,0,,WSH,NO,1459.14909695093,1594.2106279616,0.40051815545094815,0.5994818445490518,1439.85842600356,1613.50129890897,1491.36375233745,1556.41288068398,Taylor Heinicke,Jameis Winston,92.34774353129126,146.31807026825044,-79.05257118337029,-14.54385248684345,0.399689222693078,0.600310777306922,34.62655828984902,192.5642699167681,86.57562500714704,150.9426902331022,1472.1180927402,1575.65854028123,22,33,35,81,58
2021-10-10,2021,0,,HOU,NE,1396.17444076417,1484.3015307561,0.46676651250983975,0.5332334874901603,1383.36755507812,1497.10841644215,1369.44113606893,1495.25456308406,Davis Mills,Mac Jones,51.08536936417563,114.35374342993985,-143.30166175761312,-9.06252966402498,0.241644781697603,0.758355218302397,296.6129743979612,133.9438873750616,75.6381298675542,116.31275782445205,1363.29625355944,1501.39944559355,22,25,1,18,10
2021-10-10,2021,0,,JAX,TEN,1288.36037413675,1524.02112038121,0.27241538971407664,0.7275846102859234,1273.47302186424,1538.90847265372,1317.68245526214,1506.61085826739,Trevor Lawrence,Ryan Tannehill,102.9524498891714,178.24792478909194,-9.15118071568106,-8.565343504265472,0.318042451839468,0.681957548160532,202.48792523116344,67.8639813379011,112.90599742337061,167.20953044397285,1300.01731791873,1524.2759956108,19,37,7,37,22
2021-10-10,2021,0,,CIN,GB,1466.07401823485,1621.99896421666,0.3720561277822986,0.6279438722177014,1456.1678492151,1631.90513323641,1474.55101524725,1578.5538685221,Joe Burrow,Aaron Rodgers,159.42735607660288,233.53651992013332,6.915988601664459,-1.4226625182583816,0.444109536257625,0.555890463742375,134.26922928452944,220.39360334618647,156.91154339739555,232.22222826273867,1462.45216207571,1590.65272169364,22,25,63,61,62
2021-10-10,2021,0,,MIN,DET,1483.28043153346,1345.11040883695,0.7630619785521667,0.23693802144783327,1488.04635856338,1340.34448180703,1487.3726341831,1323.63127192693,Kirk Cousins,Jared Goff,214.1402967091994,179.2505610472107,12.102991599692057,6.815697528867477,0.786187345571532,0.213812654428468,126.27341446288867,-28.70914480275237,205.35360848456833,158.45459046221438,1491.63258379903,1319.371322311,19,17,10,12,11
2021-10-10,2021,0,,LAC,CLE,1550.53687044745,1578.99832546372,0.552390190761222,0.447609809238778,1566.31500273359,1563.22019317758,1571.31683698925,1596.05878049235,Justin Herbert,Baker Mayfield,203.6866885864978,144.10428065752654,10.274288745717131,-11.097914578624492,0.585288135407723,0.414711864592277,451.37738911825886,313.1323391337864,228.45575863967392,161.00708650515253,1585.7845326885,1581.5910847931,47,42,85,69,77
2021-10-10,2021,0,,OAK,CHI,1517.54123340041,1479.60067658599,0.6439554031685215,0.3560445968314785,1483.96686858075,1513.17504140565,1502.31177238928,1463.95773438493,Derek Carr,Justin Fields,192.8087815261291,63.33691594392393,3.9576835787933367,-40.30937907061988,0.695802861982574,0.304197138017426,24.96937855750932,17.584526213121812,176.02484122926714,58.761676970843716,1465.31453123762,1500.95497553659,9,20,30,47,39
2021-10-10,2021,0,,ARI,SF,1594.09749984262,1496.99948011116,0.7177060559596827,0.28229394404031727,1605.03210330494,1486.06487664884,1587.93005145296,1539.31791429225,Kyler Murray,Trey Lance,249.56829052531097,111.99474000000001,19.339012407710786,-21.672632655466966,0.69998256304785,0.30001743695215,138.8215470487867,96.2215436681819,238.49361617765854,110.41742036681818,1599.62505019173,1527.62291555348,17,10,78,70,74
2021-10-10,2021,0,,DAL,NYG,1510.94729688647,1414.52982660935,0.7169116663388293,0.2830883336611707,1527.92606197978,1397.55106151604,1551.92854935566,1428.67033105972,Dak Prescott,Daniel Jones,243.84625863936554,176.56604889521498,20.175251173168718,23.083420733533057,0.739104225706975,0.260895774293025,223.21421420251303,8.90637314455416,241.78305419568028,159.8000813201489,1567.448259948,1413.15062046738,44,20,53,53,53
2021-10-10,2021,0,,KC,BUF,1627.32150326368,1657.51761848894,0.5499199498280304,0.4500800501719696,1594.41683847623,1690.42228327639,1626.53553359434,1622.78351227025,Patrick Mahomes,Josh Allen,269.36146237906587,253.42108195921406,18.66537492335605,12.792362425936835,0.596711198268779,0.403288801731221,236.39356631733017,400.21483840643907,266.0646727728923,268.10045760393655,1590.27415726009,1659.0448886045,20,38,97,72,85
2021-10-11,2021,0,,BAL,IND,1621.31155471021,1527.7823221298,0.7135252896090994,0.28647471039090056,,,,,Lamar Jackson,Carson Wentz,206.40266803499276,117.52632020278874,-0.03689741843403666,-10.958022036931528,0.7349212832532885,0.26507871674671146,,,"","",,,,,73,56,65
2021-10-14,2021,0,,PHI,TB,1433.98603162706,1664.11159051926,0.27877641232079325,0.7212235876792068,,,,,Jalen Hurts,Tom Brady,170.3818456360053,259.9785064404386,16.169051304658907,27.92745408529592,0.29048444762495473,0.7095155523750453,,,"","",,,,,76,53,65
2021-10-17,2021,1,,JAX,MIA,1273.47302186424,1453.47079293187,0.2618934477067103,0.7381065522932897,,,,,Trevor Lawrence,"",112.90599742337058,122.74668547705805,-3.7168479127975713,-10.5544157196037,0.3080929381578489,0.6919070618421511,,,"","",,,,,2,11,7
2021-10-17,2021,0,,NYG,LAR,1397.55106151604,1611.63727316074,0.2977136263903717,0.7022863736096283,,,,,"",Matthew Stafford,139.60172478043503,200.89654783177681,-6.652090630390596,17.658296338195257,0.29655525221924,0.7034447477807599,,,"","",,,,,51,22,37
2021-10-17,2021,0,,DET,CIN,1340.34448180703,1456.1678492151,0.4273765622858174,0.5726234377141826,,,,,Jared Goff,"",158.4545904622144,122.651707062787,-3.923072640073956,-28.947553502631038,0.4115606027789112,0.5884393972210888,,,"","",,,,,3,23,13
2021-10-17,2021,0,,BAL,LAC,1621.31155471021,1566.31500273359,0.666135010326201,0.33386498967379896,,,,,Lamar Jackson,Justin Herbert,206.40266803499276,228.45575863967406,-0.03689741843403666,22.14510933501933,0.5983656567033967,0.4016343432966033,,,"","",,,,,92,81,87
2021-10-17,2021,0,,CAR,MIN,1480.00402833493,1488.04635856338,0.5812421697561027,0.41875783024389734,,,,,Sam Darnold,Kirk Cousins,120.83683491313697,205.35360848456816,-8.319461526037204,7.10449790739182,0.5522504454339056,0.44774955456609444,,,"","",,,,,42,72,57
2021-10-17,2021,0,,WSH,KC,1439.85842600356,1594.41683847623,0.37389579957227964,0.6261042004277204,,,,,Taylor Heinicke,Patrick Mahomes,86.57562500714687,266.0646727728924,-77.98600188627401,16.08371137410147,0.2924981823568578,0.7075018176431422,,,"","",,,,,45,50,48
2021-10-17,2021,0,,IND,HOU,1527.7823221298,1383.36755507812,0.7694996827426221,0.23050031725737785,,,,,Carson Wentz,"",117.52632020278874,104.8245863860559,-10.958022036931528,-94.67374189954165,0.8357628717833098,0.16423712821669023,,,"","",,,,,3,20,12
2021-10-17,2021,0,,CHI,GB,1513.17504140565,1631.90513323641,0.4232867644788398,0.5767132355211602,,,,,Justin Fields,Aaron Rodgers,58.76167697084388,232.22222826273867,-40.581529603628965,-2.008675221042908,0.3971044539660715,0.6028955460339285,,,"","",,,,,60,80,70
2021-10-17,2021,0,,CLE,ARI,1563.22019317758,1605.03210330494,0.5333208845287201,0.46667911547127994,,,,,Baker Mayfield,Kyler Murray,161.00708650515259,238.49361617765868,-2.0916159258802542,12.834724613499038,0.5417206837373988,0.4582793162626012,,,"","",,,,,88,65,77
2021-10-17,2021,0,,NE,DAL,1497.10841644215,1527.92606197978,0.5490342544863254,0.45096574551367463,,,,,Mac Jones,Dak Prescott,116.31275782445219,241.78305419568034,-7.629895983567339,18.13488639266765,0.4560634696363718,0.5439365303636282,,,"","",,,,,68,53,61
2021-10-17,2021,0,,DEN,OAK,1466.20595065902,1483.96686858075,0.567566659463337,0.43243334053666305,,,,,Teddy Bridgewater,Derek Carr,162.30785295249095,176.02484122926714,9.830125822444614,-4.632170748577345,0.6323368127773263,0.36766318722267366,,,"","",,,,,37,90,64
2021-10-17,2021,0,,PIT,SEA,1490.64438764893,1542.65571995445,0.518683492222232,0.481316507777768,,,,,Ben Roethlisberger,Geno Smith,181.3640994995039,126.16353737163,-9.180348052029013,-62.69875586828072,0.5814325514673518,0.41856744853264816,,,"","",,,,,32,55,44
2021-10-18,2021,0,,TEN,BUF,1538.90847265372,1690.42228327639,0.37800761083488077,0.6219923891651192,,,,,Ryan Tannehill,Josh Allen,167.20953044397294,268.10045760393683,-13.656273501611746,19.49243212700154,0.34623550505219247,0.6537644949478075,,,"","",,,,,87,71,79
2021-10-21,2021,0,,CLE,DEN,1563.22019317758,1466.20595065902,0.7176083377798759,0.28239166222012413,,,,,Baker Mayfield,Teddy Bridgewater,161.00708650515259,162.30785295249095,-2.0916159258802542,9.830125822444614,0.6936390813948636,0.30636091860513637,,,"","",,,,,68,84,76
2021-10-24,2021,0,,GB,WSH,1631.90513323641,1439.85842600356,0.8145242101113888,0.18547578988861124,,,,,Aaron Rodgers,Taylor Heinicke,232.22222826273867,86.57562500714687,-2.008675221042908,-77.98600188627401,0.8103528108728051,0.18964718912719492,,,"","",,,,,41,29,35
2021-10-24,2021,0,,NYG,CAR,1397.55106151604,1480.00402833493,0.47490426722721063,0.5250957327727894,,,,,"",Sam Darnold,156.972311404589,120.83683491313697,10.718495993763353,-8.319461526037204,0.5065961175976104,0.49340388240238964,,,"","",,,,,23,44,34
2021-10-24,2021,0,,TEN,KC,1538.90847265372,1594.41683847623,0.513656162418279,0.48634383758172095,,,,,Ryan Tannehill,Patrick Mahomes,167.20953044397294,266.0646727728924,-13.656273501611746,16.08371137410147,0.44429409203631304,0.555705907963687,,,"","",,,,,76,78,77
2021-10-24,2021,0,,BAL,CIN,1621.31155471021,1456.1678492151,0.7899814599174063,0.21001854008259369,,,,,Lamar Jackson,"",206.40266803499276,152.3435652194478,-0.03689741843403666,0.74430465402977,0.7663894649590769,0.2336105350409231,,,"","",,,,,66,58,62
2021-10-24,2021,0,,NE,NYJ,1497.10841644215,1337.30383525629,0.7848368347118699,0.21516316528813006,,,,,Mac Jones,Zach Wilson,116.31275782445219,53.132819420774936,-7.629895983567339,-27.62358712904538,0.7594431095132029,0.24055689048679707,,,"","",,,,,8,22,15
2021-10-24,2021,0,,MIA,ATL,1453.47079293187,1439.98444665858,0.6110680006012206,0.3889319993987794,,,,,Tua Tagovailoa,Matt Ryan,110.05625557719111,197.0719864880735,-23.244845619470638,10.902314591783341,0.5337967590707787,0.4662032409292213,,,"","",,,,,16,31,24
2021-10-24,2021,0,,LAR,DET,1611.63727316074,1340.34448180703,0.8738962764425604,0.1261037235574396,,,,,Matthew Stafford,Jared Goff,200.89654783177681,158.4545904622144,17.658296338195257,-3.923072640073956,0.8931532933172828,0.10684670668271723,,,"","",,,,,24,4,14
2021-10-24,2021,0,,OAK,PHI,1483.96686858075,1433.98603162706,0.6596832295405701,0.3403167704594299,,,,,Derek Carr,Jalen Hurts,176.02484122926714,170.3818456360053,-4.632170748577345,16.169051304658907,0.5942137626698843,0.40578623733011565,,,"","",,,,,28,63,46
2021-10-24,2021,0,,TB,CHI,1664.11159051926,1513.17504140565,0.7760911104363317,0.22390888956366828,,,,,Tom Brady,Justin Fields,259.9785064404386,58.76167697084388,27.92745408529592,-40.581529603628965,0.826034431977972,0.173965568022028,,,"","",,,,,77,32,55
2021-10-24,2021,0,,ARI,HOU,1605.03210330494,1383.36755507812,0.8389145370646898,0.16108546293531023,,,,,Kyler Murray,"",238.49361617765868,138.7623265238486,12.834724613499038,-60.73600176174894,0.8932296660281039,0.10677033397189606,,,"","",,,,,20,6,13
2021-10-24,2021,0,,SF,IND,1486.06487664884,1527.7823221298,0.5334562238760138,0.46654377612398623,,,,,Jimmy Garoppolo,Carson Wentz,131.33780876584203,117.52632020278874,-0.4572724402606809,-10.958022036931528,0.6689126066238779,0.33108739337612214,,,"","",,,,,53,67,60
2021-10-25,2021,0,,SEA,NO,1542.65571995445,1613.50129890897,0.49158832935491525,0.5084116706450847,,,,,Geno Smith,Jameis Winston,126.16353737163,150.94269023310213,-62.69875586828072,-11.504349880075484,0.42237780062492575,0.5776221993750743,,,"","",,,,,57,94,76
2021-10-28,2021,0,,ARI,GB,1605.03210330494,1631.90513323641,0.5546499229306586,0.4453500770693414,,,,,Kyler Murray,Aaron Rodgers,238.49361617765868,232.22222826273867,12.834724613499038,-2.008675221042908,0.6196776240537275,0.3803223759462725,,,"","",,,,,90,71,81
2021-10-31,2021,0,,ATL,CAR,1439.98444665858,1480.00402833493,0.5358878919392243,0.46411210806077574,,,,,Matt Ryan,Sam Darnold,197.0719864880735,120.83683491313697,10.902314591783341,-8.319461526037204,0.517976684903779,0.482023315096221,,,"","",,,,,25,58,42
2021-10-31,2021,0,,BUF,MIA,1690.42228327639,1453.47079293187,0.8504547903651927,0.14954520963480733,,,,,Josh Allen,Tua Tagovailoa,268.10045760393683,110.05625557719111,19.49243212700154,-23.244845619470638,0.8756319554149758,0.12436804458502415,,,"","",,,,,69,25,47
2021-10-31,2021,0,,NYJ,CIN,1337.30383525629,1456.1678492151,0.4230985829719542,0.5769014170280458,,,,,Zach Wilson,Joe Burrow,53.132819420774936,156.91154339739546,-27.62358712904538,5.312282831977442,0.3790273402916274,0.6209726597083727,,,"","",,,,,6,36,21
2021-10-31,2021,0,,CLE,PIT,1563.22019317758,1490.64438764893,0.6882498794064636,0.31175012059353635,,,,,Baker Mayfield,Ben Roethlisberger,161.00708650515259,181.3640994995039,-2.0916159258802542,-9.180348052029013,0.6973743972144145,0.3026256027855855,,,"","",,,,,58,74,66
2021-10-31,2021,0,,CHI,SF,1513.17504140565,1486.06487664884,0.6295364581929167,0.3704635418070833,,,,,Justin Fields,Jimmy Garoppolo,58.76167697084388,131.33780876584203,-40.581529603628965,-0.4572724402606809,0.493721358266822,0.5062786417331779,,,"","",,,,,45,88,67
2021-10-31,2021,0,,IND,TEN,1527.7823221298,1538.90847265372,0.5769152365871665,0.4230847634128335,,,,,Carson Wentz,Ryan Tannehill,117.52632020278874,167.20953044397294,-10.958022036931528,-13.656273501611746,0.55470130862246,0.44529869137753997,,,"","",,,,,49,98,74
2021-10-31,2021,0,,HOU,LAR,1383.36755507812,1611.63727316074,0.28092942123774106,0.7190705787622589,,,,,Tyrod Taylor,Matthew Stafford,143.5136101431394,200.89654783177681,-55.984718142458156,17.658296338195257,0.18854589072564296,0.811454109274357,,,"","",,,,,22,10,16
2021-10-31,2021,0,,DET,PHI,1340.34448180703,1433.98603162706,0.4588746150731973,0.5411253849268027,,,,,Jared Goff,Jalen Hurts,158.4545904622144,170.3818456360053,-3.923072640073956,16.169051304658907,0.3788159433260567,0.6211840566739433,,,"","",,,,,4,20,12
2021-10-31,2021,0,,SEA,JAX,1542.65571995445,1273.47302186424,0.8725516034995435,0.12744839650045647,,,,,Geno Smith,Trevor Lawrence,126.16353737163,112.90599742337058,-62.69875586828072,-3.7168479127975713,0.7750484394844642,0.22495156051553578,,,"","",,,,,4,14,9
2021-10-31,2021,0,,LAC,NE,1566.31500273359,1497.10841644215,0.6840733781201057,0.3159266218798943,,,,,Justin Herbert,Mac Jones,228.45575863967406,116.31275782445219,22.14510933501933,-7.629895983567339,0.7644737102205169,0.2355262897794831,,,"","",,,,,72,50,61
2021-10-31,2021,0,,NO,TB,1613.50129890897,1664.11159051926,0.5206966223165626,0.47930337768343745,,,,,Jameis Winston,Tom Brady,150.94269023310213,259.9785064404386,-11.504349880075484,27.92745408529592,0.42725708244773836,0.5727429175522616,,,"","",,,,,93,86,90
2021-10-31,2021,0,,DEN,WSH,1466.20595065902,1439.85842600356,0.628512014619118,0.371487985380882,,,,,Teddy Bridgewater,"",162.30785295249095,111.12458259333484,9.830125822444614,-53.437044300086036,0.6909542103513756,0.3090457896486244,,,"","",,,,,27,54,41
2021-10-31,2021,0,,MIN,DAL,1488.04635856338,1527.92606197978,0.5360881500840898,0.46391184991591017,,,,,Kirk Cousins,Dak Prescott,205.35360848456816,241.78305419568034,7.10449790739182,18.13488639266765,0.4592699354605213,0.5407300645394787,,,"","",,,,,69,57,63
2021-11-01,2021,0,,KC,NYG,1594.41683847623,1397.55106151604,0.8186786231785542,0.18132137682144578,,,,,Patrick Mahomes,Daniel Jones,266.0646727728924,159.80008132014893,16.08371137410147,13.546265909323289,0.7983222701523461,0.20167772984765386,,,"","",,,,,54,25,40
2021-11-04,2021,0,,IND,NYJ,1527.7823221298,1337.30383525629,0.8131565256395009,0.18684347436049908,,,,,Carson Wentz,Zach Wilson,117.52632020278874,53.132819420774936,-10.958022036931528,-27.62358712904538,0.7856134756421035,0.2143865243578965,,,"","",,,,,8,25,17
2021-11-07,2021,0,,JAX,BUF,1273.47302186424,1690.42228327639,0.11650177157420476,0.8834982284257953,,,,,Trevor Lawrence,Josh Allen,112.90599742337058,268.10045760393683,-3.7168479127975713,19.49243212700154,0.1342876445602004,0.8657123554397996,,,"","",,,,,30,12,21
2021-11-07,2021,0,,BAL,MIN,1621.31155471021,1488.04635856338,0.7579193805127905,0.2420806194872095,,,,,Lamar Jackson,Kirk Cousins,206.40266803499276,205.35360848456816,-0.03689741843403666,7.10449790739182,0.7575332987780944,0.2424667012219056,,,"","",,,,,74,38,56
2021-11-07,2021,0,,CIN,CLE,1456.1678492151,1563.22019317758,0.4397756172704153,0.5602243827295847,,,,,Joe Burrow,Baker Mayfield,156.91154339739546,161.00708650515259,5.312282831977442,-2.0916159258802542,0.42032212182593764,0.5796778781740624,,,"","",,,,,59,93,76
2021-11-07,2021,0,,NYG,OAK,1397.55106151604,1483.96686858075,0.4692191497101681,0.5307808502898319,,,,,Daniel Jones,Derek Carr,159.80008132014893,176.02484122926714,13.546265909323289,-4.632170748577345,0.5071003765174825,0.4928996234825175,,,"","",,,,,21,38,30
2021-11-07,2021,0,,CAR,NE,1480.00402833493,1497.10841644215,0.5684939905003276,0.43150600949967244,,,,,Sam Darnold,Mac Jones,120.83683491313697,116.31275782445219,-8.319461526037204,-7.629895983567339,0.5579642929179173,0.44203570708208273,,,"","",,,,,41,69,55
2021-11-07,2021,0,,NO,ATL,1613.50129890897,1439.98444665858,0.7978665727393504,0.20213342726064965,,,,,Jameis Winston,Matt Ryan,150.94269023310213,197.0719864880735,-11.504349880075484,10.902314591783341,0.746739445453663,0.253260554546337,,,"","",,,,,47,59,53
2021-11-07,2021,0,,DAL,DEN,1527.92606197978,1466.20595065902,0.6746866739428298,0.3253133260571702,,,,,Dak Prescott,Teddy Bridgewater,241.78305419568034,162.30785295249095,18.13488639266765,9.830125822444614,0.698264247274913,0.301735752725087,,,"","",,,,,69,54,62
2021-11-07,2021,0,,MIA,HOU,1453.47079293187,1383.36755507812,0.6851878135957854,0.3148121864042146,,,,,Tua Tagovailoa,Tyrod Taylor,110.05625557719111,143.5136101431394,-23.244845619470638,-55.984718142458156,0.733290043110824,0.266709956889176,,,"","",,,,,2,13,8
2021-11-07,2021,0,,PHI,LAC,1433.98603162706,1566.31500273359,0.4043007935722089,0.5956992064277911,,,,,Jalen Hurts,Justin Herbert,170.3818456360053,228.45575863967406,16.169051304658907,22.14510933501933,0.3797937554082647,0.6202062445917353,,,"","",,,,,63,58,61
2021-11-07,2021,0,,KC,GB,1594.41683847623,1631.90513323641,0.5395099815274508,0.4604900184725492,,,,,Patrick Mahomes,Aaron Rodgers,266.0646727728924,232.22222826273867,16.08371137410147,-2.008675221042908,0.6059035720432859,0.39409642795671407,,,"","",,,,,89,56,73
2021-11-07,2021,0,,SF,ARI,1486.06487664884,1605.03210330494,0.4229535682326086,0.5770464317673913,,,,,Jimmy Garoppolo,Kyler Murray,131.33780876584203,238.49361617765868,-0.4572724402606809,12.834724613499038,0.46016122224689077,0.5398387777531093,,,"","",,,,,80,84,82
2021-11-07,2021,0,,LAR,TEN,1611.63727316074,1538.90847265372,0.6884388149305916,0.31156118506940844,,,,,Matthew Stafford,Ryan Tannehill,200.89654783177681,167.20953044397294,17.658296338195257,-13.656273501611746,0.7301097919859753,0.26989020801402475,,,"","",,,,,79,33,56
2021-11-08,2021,0,,PIT,CHI,1490.64438764893,1513.17504140565,0.5608157050781307,0.4391842949218693,,,,,Ben Roethlisberger,Justin Fields,181.3640994995039,58.76167697084388,-9.180348052029013,-40.581529603628965,0.5871605307267825,0.41283946927321746,,,"","",,,,,29,53,41
2021-11-11,2021,0,,MIA,BAL,1453.47079293187,1621.31155471021,0.3561763195643655,0.6438236804356345,,,,,Tua Tagovailoa,Lamar Jackson,110.05625557719111,206.40266803499276,-23.244845619470638,-0.03689741843403666,0.32124545673928795,0.678754543260712,,,"","",,,,,55,56,56
2021-11-14,2021,0,,PIT,DET,1490.64438764893,1340.34448180703,0.7754536179640215,0.22454638203597854,,,,,Ben Roethlisberger,Jared Goff,181.3640994995039,158.4545904622144,-9.180348052029013,-3.923072640073956,0.7384464143814887,0.2615535856185113,,,"","",,,,,5,9,7
2021-11-14,2021,0,,NE,CLE,1497.10841644215,1563.22019317758,0.49840003012497164,0.5015999698750284,,,,,Mac Jones,Baker Mayfield,116.31275782445219,161.00708650515259,-7.629895983567339,-2.0916159258802542,0.4589729252046898,0.5410270747953102,,,"","",,,,,67,91,79
2021-11-14,2021,0,,WSH,TB,1439.85842600356,1664.11159051926,0.2856236464467675,0.7143763535532325,,,,,Ryan Fitzpatrick,Tom Brady,171.22720289055349,259.9785064404386,6.665575997132599,27.92745408529592,0.3150629547353719,0.6849370452646282,,,"","",,,,,80,50,65
2021-11-14,2021,0,,TEN,NO,1538.90847265372,1613.50129890897,0.48619832026973503,0.5138016797302649,,,,,Ryan Tannehill,Jameis Winston,167.20953044397294,150.94269023310213,-13.656273501611746,-11.504349880075484,0.5048186216110343,0.4951813783889657,,,"","",,,,,67,73,70
2021-11-14,2021,0,,IND,JAX,1527.7823221298,1273.47302186424,0.862722905640078,0.13727709435992197,,,,,Carson Wentz,Trevor Lawrence,117.52632020278874,112.90599742337058,-10.958022036931528,-3.7168479127975713,0.8121088422596938,0.18789115774030618,,,"","",,,,,5,20,13
2021-11-14,2021,0,,DAL,ATL,1527.92606197978,1439.98444665858,0.7069056653087198,0.2930943346912802,,,,,Dak Prescott,Matt Ryan,241.78305419568034,197.0719864880735,18.13488639266765,10.902314591783341,0.7706238449246179,0.22937615507538212,,,"","",,,,,51,32,42
2021-11-14,2021,0,,NYJ,BUF,1337.30383525629,1690.42228327639,0.15995766423879057,0.8400423357612095,,,,,Zach Wilson,Josh Allen,53.132819420774936,268.10045760393683,-27.62358712904538,19.49243212700154,0.15269650624839634,0.8473034937516036,,,"","",,,,,38,16,27
2021-11-14,2021,0,,LAC,MIN,1566.31500273359,1488.04635856338,0.6952374749637015,0.3047625250362985,,,,,Justin Herbert,Kirk Cousins,228.45575863967406,205.35360848456816,22.14510933501933,7.10449790739182,0.7271954428663684,0.2728045571336316,,,"","",,,,,74,44,59
2021-11-14,2021,0,,ARI,CAR,1605.03210330494,1480.00402833493,0.7491134379603351,0.25088656203966486,,,,,Kyler Murray,Sam Darnold,238.49361617765868,120.83683491313697,12.834724613499038,-8.319461526037204,0.7578464622774755,0.24215353772252446,,,"","",,,,,69,56,63
2021-11-14,2021,0,,DEN,PHI,1466.20595065902,1433.98603162706,0.63636989649892,0.36363010350108005,,,,,Teddy Bridgewater,Jalen Hurts,162.30785295249095,170.3818456360053,9.830125822444614,16.169051304658907,0.6408872489465995,0.35911275105340046,,,"","",,,,,36,70,53
2021-11-14,2021,0,,GB,SEA,1631.90513323641,1542.65571995445,0.7084630189429707,0.2915369810570293,,,,,Aaron Rodgers,"",232.22222826273867,131.1324081738584,-2.008675221042908,-57.729885066052326,0.702040072743,0.29795992725700005,,,"","",,,,,64,64,64
2021-11-14,2021,0,,OAK,KC,1483.96686858075,1594.41683847623,0.4349628003933807,0.5650371996066192,,,,,Derek Carr,Patrick Mahomes,176.02484122926714,266.0646727728924,-4.632170748577345,16.08371137410147,0.3786038418702356,0.6213961581297645,,,"","",,,,,64,93,79
2021-11-15,2021,0,,SF,LAR,1486.06487664884,1611.63727316074,0.41370188884457587,0.5862981111554242,,,,,Jimmy Garoppolo,Matthew Stafford,131.33780876584203,200.89654783177681,-0.4572724402606809,17.658296338195257,0.44580100804061834,0.5541989919593817,,,"","",,,,,82,76,79
2021-11-18,2021,0,,ATL,NE,1439.98444665858,1497.10841644215,0.51133257745691,0.48866742254309004,,,,,Matt Ryan,Mac Jones,197.0719864880735,116.31275782445219,10.902314591783341,-7.629895983567339,0.49700048202252883,0.5029995179774711,,,"","",,,,,30,49,40
2021-11-21,2021,0,,CAR,WSH,1480.00402833493,1439.85842600356,0.6468603272063121,0.35313967279368785,,,,,Sam Darnold,Ryan Fitzpatrick,120.83683491313697,171.22720289055349,-8.319461526037204,6.665575997132599,0.5770705940067975,0.4229294059932025,,,"","",,,,,36,65,51
2021-11-21,2021,0,,TEN,HOU,1538.90847265372,1383.36755507812,0.7806632353046377,0.21933676469536234,,,,,Ryan Tannehill,Tyrod Taylor,167.20953044397294,143.5136101431394,-13.656273501611746,-55.984718142458156,0.7955171755679633,0.2044828244320367,,,"","",,,,,7,33,20
2021-11-21,2021,0,,JAX,SF,1273.47302186424,1486.06487664884,0.2995153022907164,0.7004846977092836,,,,,Trevor Lawrence,Jimmy Garoppolo,112.90599742337058,131.33780876584203,-3.7168479127975713,-0.4572724402606809,0.2773307717821866,0.7226692282178133,,,"","",,,,,8,21,15
2021-11-21,2021,0,,BUF,IND,1690.42228327639,1527.7823221298,0.7875802420490123,0.21241975795098766,,,,,Josh Allen,Carson Wentz,268.10045760393683,117.52632020278874,19.49243212700154,-10.958022036931528,0.8015416978511658,0.1984583021488342,,,"","",,,,,84,54,69
2021-11-21,2021,0,,MIN,GB,1488.04635856338,1631.90513323641,0.3884226003375737,0.6115773996624263,,,,,Kirk Cousins,Aaron Rodgers,205.35360848456816,232.22222826273867,7.10449790739182,-2.008675221042908,0.45140012354260334,0.5485998764573967,,,"","",,,,,69,81,75
2021-11-21,2021,0,,NYJ,MIA,1337.30383525629,1453.47079293187,0.4268925973989662,0.5731074026010339,,,,,Zach Wilson,Tua Tagovailoa,53.132819420774936,110.05625557719111,-27.62358712904538,-23.244845619470638,0.4425898902255175,0.5574101097744826,,,"","",,,,,3,21,12
2021-11-21,2021,0,,PHI,NO,1433.98603162706,1613.50129890897,0.34091869882919645,0.6590813011708035,,,,,Jalen Hurts,Jameis Winston,170.3818456360053,150.94269023310213,16.169051304658907,-11.504349880075484,0.4332468118733663,0.5667531881266337,,,"","",,,,,53,93,73
2021-11-21,2021,0,,CHI,BAL,1513.17504140565,1621.31155471021,0.4382385907494177,0.5617614092505823,,,,,Justin Fields,Lamar Jackson,58.76167697084388,206.40266803499276,-40.581529603628965,-0.03689741843403666,0.40047021004001926,0.5995297899599807,,,"","",,,,,65,56,61
2021-11-21,2021,0,,CLE,DET,1563.22019317758,1340.34448180703,0.8398544890446294,0.16014551095537055,,,,,Baker Mayfield,Jared Goff,161.00708650515259,158.4545904622144,-2.0916159258802542,-3.923072640073956,0.8627928149662357,0.13720718503376428,,,"","",,,,,18,10,14
2021-11-21,2021,0,,OAK,CIN,1483.96686858075,1456.1678492151,0.6304607860368336,0.36953921396316636,,,,,Derek Carr,Joe Burrow,176.02484122926714,156.91154339739546,-4.632170748577345,5.312282831977442,0.5425809445617067,0.4574190554382933,,,"","",,,,,30,91,61
2021-11-21,2021,0,,KC,DAL,1594.41683847623,1527.92606197978,0.6806850406181928,0.3193149593818072,,,,,Patrick Mahomes,Dak Prescott,266.0646727728924,241.78305419568034,16.08371137410147,18.13488639266765,0.6098729532991288,0.39012704670087117,,,"","",,,,,88,57,73
2021-11-21,2021,0,,SEA,ARI,1542.65571995445,1605.03210330494,0.5037756161010818,0.4962243838989182,,,,,"",Kyler Murray,167.77783034029312,238.49361617765868,-21.084462899617588,12.834724613499038,0.4426195935816122,0.5573804064183878,,,"","",,,,,78,88,83
2021-11-21,2021,0,,LAC,PIT,1566.31500273359,1490.64438764893,0.6920594576338831,0.3079405423661169,,,,,Justin Herbert,Ben Roethlisberger,228.45575863967406,181.3640994995039,22.14510933501933,-9.180348052029013,0.7665733568542025,0.23342664314579753,,,"","",,,,,66,41,54
2021-11-22,2021,0,,TB,NYG,1664.11159051926,1397.55106151604,0.8708635635488438,0.12913643645115624,,,,,Tom Brady,Daniel Jones,259.9785064404386,159.80008132014893,27.92745408529592,13.546265909323289,0.833113672786028,0.166886327213972,,,"","",,,,,68,16,42
2021-11-25,2021,0,,DET,CHI,1340.34448180703,1513.17504140565,0.34961712569312364,0.6503828743068764,,,,,Jared Goff,Justin Fields,158.4545904622144,58.76167697084388,-3.923072640073956,-40.581529603628965,0.37467867683901457,0.6253213231609854,,,"","",,,,,4,23,14
2021-11-25,2021,0,,DAL,OAK,1527.92606197978,1483.96686858075,0.6518587334422073,0.34814126655779265,,,,,Dak Prescott,Derek Carr,241.78305419568034,176.02484122926714,18.13488639266765,-4.632170748577345,0.7426735157479718,0.2573264842520282,,,"","",,,,,59,48,54
2021-11-25,2021,0,,NO,BUF,1613.50129890897,1690.42228327639,0.4828510535504485,0.5171489464495516,,,,,Jameis Winston,Josh Allen,150.94269023310213,268.10045760393683,-11.504349880075484,19.49243212700154,0.42144391637110895,0.578556083628891,,,"","",,,,,94,79,87
2021-11-28,2021,0,,HOU,NYJ,1383.36755507812,1337.30383525629,0.6546029319830651,0.3453970680169349,,,,,Tyrod Taylor,Zach Wilson,143.5136101431394,53.132819420774936,-55.984718142458156,-27.62358712904538,0.5619458908534685,0.43805410914653153,,,"","",,,,,0,4,2
2021-11-28,2021,0,,JAX,ATL,1273.47302186424,1439.98444665858,0.3579330247782952,0.6420669752217047,,,,,Trevor Lawrence,Matt Ryan,112.90599742337058,197.0719864880735,-3.7168479127975713,10.902314591783341,0.38609467426572464,0.6139053257342754,,,"","",,,,,2,9,6
2021-11-28,2021,0,,IND,TB,1527.7823221298,1664.11159051926,0.3987672361444736,0.6012327638555264,,,,,Carson Wentz,Tom Brady,117.52632020278874,259.9785064404386,-10.958022036931528,27.92745408529592,0.3327988410815427,0.6672011589184573,,,"","",,,,,83,65,74
2021-11-28,2021,0,,CIN,PIT,1456.1678492151,1490.64438764893,0.5438141273720816,0.45618587262791843,,,,,Joe Burrow,Ben Roethlisberger,156.91154339739546,181.3640994995039,5.312282831977442,-9.180348052029013,0.5839032328866446,0.4160967671133554,,,"","",,,,,31,81,56
2021-11-28,2021,0,,MIA,CAR,1453.47079293187,1480.00402833493,0.5551330329083984,0.44486696709160156,,,,,Tua Tagovailoa,Sam Darnold,110.05625557719111,120.83683491313697,-23.244845619470638,-8.319461526037204,0.5076309999332376,0.49236900006676243,,,"","",,,,,23,56,40
2021-11-28,2021,0,,NE,TEN,1497.10841644215,1538.90847265372,0.5333378678843665,0.46666213211563345,,,,,Mac Jones,Ryan Tannehill,116.31275782445219,167.20953044397294,-7.629895983567339,-13.656273501611746,0.559940570348314,0.440059429651686,,,"","",,,,,50,77,64
2021-11-28,2021,0,,NYG,PHI,1397.55106151604,1433.98603162706,0.5410160069039501,0.45898399309604987,,,,,Daniel Jones,Jalen Hurts,159.80008132014893,170.3818456360053,13.546265909323289,16.169051304658907,0.534338641154872,0.46566135884512805,,,"","",,,,,20,48,34
2021-11-28,2021,0,,DEN,LAC,1466.20595065902,1566.31500273359,0.44964529502129047,0.5503547049787095,,,,,Teddy Bridgewater,Justin Herbert,162.30785295249095,228.45575863967406,9.830125822444614,22.14510933501933,0.4610318606537837,0.5389681393462162,,,"","",,,,,73,88,81
2021-11-28,2021,0,,SF,MIN,1486.06487664884,1488.04635856338,0.5897092951735274,0.41029070482647256,,,,,Jimmy Garoppolo,Kirk Cousins,131.33780876584203,205.35360848456816,-0.4572724402606809,7.10449790739182,0.6263808243742284,0.3736191756257716,,,"","",,,,,55,86,71
2021-11-28,2021,0,,GB,LAR,1631.90513323641,1611.63727316074,0.6203045913851563,0.37969540861484374,,,,,Aaron Rodgers,Matthew Stafford,232.22222826273867,200.89654783177681,-2.008675221042908,17.658296338195257,0.5062598811797939,0.4937401188202061,,,"","",,,,,91,60,76
2021-11-28,2021,0,,BAL,CLE,1621.31155471021,1563.22019317758,0.6700852897949939,0.32991471020500607,,,,,Lamar Jackson,Baker Mayfield,206.40266803499276,161.00708650515259,-0.03689741843403666,-2.0916159258802542,0.6261889374046795,0.3738110625953205,,,"","",,,,,88,73,81
2021-11-29,2021,0,,WSH,SEA,1439.85842600356,1542.65571995445,0.4458188997213602,0.5541811002786399,,,,,Ryan Fitzpatrick,Russell Wilson,171.22720289055349,188.27442239948527,6.665575997132599,-0.5878708404254382,0.5138499168543949,0.48615008314560515,,,"","",,,,,51,73,62
2021-12-02,2021,0,,NO,DAL,1613.50129890897,1527.92606197978,0.7040753956803106,0.29592460431968937,,,,,Jameis Winston,Dak Prescott,150.94269023310213,241.78305419568034,-11.504349880075484,18.13488639266765,0.5507677354246893,0.44923226457531074,,,"","",,,,,83,76,80
2021-12-05,2021,0,,HOU,IND,1383.36755507812,1527.7823221298,0.3876625803359272,0.6123374196640727,,,,,Tyrod Taylor,Carson Wentz,143.5136101431394,117.52632020278874,-55.984718142458156,-10.958022036931528,0.32498406634466737,0.6750159336553326,,,"","",,,,,6,49,28
2021-12-05,2021,0,,NYJ,PHI,1337.30383525629,1433.98603162706,0.45453161344892995,0.5454683865510701,,,,,Zach Wilson,Jalen Hurts,53.132819420774936,170.3818456360053,-27.62358712904538,16.169051304658907,0.389518696766818,0.610481303233182,,,"","",,,,,5,27,16
2021-12-05,2021,0,,ATL,TB,1439.98444665858,1664.11159051926,0.2857716888701799,0.7142283111298201,,,,,Matt Ryan,Tom Brady,197.0719864880735,259.9785064404386,10.902314591783341,27.92745408529592,0.2593389325573903,0.7406610674426097,,,"","",,,,,70,38,54
2021-12-05,2021,0,,MIA,NYG,1453.47079293187,1397.55106151604,0.667315849295638,0.33268415070436197,,,,,Tua Tagovailoa,Daniel Jones,110.05625557719111,159.80008132014893,-23.244845619470638,13.546265909323289,0.5810295881274367,0.41897041187256334,,,"","",,,,,15,24,20
2021-12-05,2021,0,,KC,DEN,1594.41683847623,1466.20595065902,0.752541131615356,0.24745886838464404,,,,,Patrick Mahomes,Teddy Bridgewater,266.0646727728924,162.30785295249095,16.08371137410147,9.830125822444614,0.7503485780436584,0.2496514219563416,,,"","",,,,,73,87,80
2021-12-05,2021,0,,CIN,LAC,1456.1678492151,1566.31500273359,0.43539126341085577,0.5646087365891442,,,,,Joe Burrow,Justin Herbert,156.91154339739546,228.45575863967406,5.312282831977442,22.14510933501933,0.3902042096801383,0.6097957903198616,,,"","",,,,,66,77,72
2021-12-05,2021,0,,CHI,ARI,1513.17504140565,1605.03210330494,0.4614263816134818,0.5385736183865182,,,,,Justin Fields,Kyler Murray,58.76167697084388,238.49361617765868,-40.581529603628965,12.834724613499038,0.3386847708370684,0.6613152291629316,,,"","",,,,,65,71,68
2021-12-05,2021,0,,DET,MIN,1340.34448180703,1488.04635856338,0.3831805017830724,0.6168194982169276,,,,,Jared Goff,Kirk Cousins,158.4545904622144,205.35360848456816,-3.923072640073956,7.10449790739182,0.3260714516858125,0.6739285483141875,,,"","",,,,,7,18,13
2021-12-05,2021,0,,OAK,WSH,1483.96686858075,1439.85842600356,0.6520536819674637,0.3479463180325363,,,,,Derek Carr,Ryan Fitzpatrick,176.02484122926714,171.22720289055349,-4.632170748577345,6.665575997132599,0.5648028225882534,0.43519717741174657,,,"","",,,,,33,61,47
2021-12-05,2021,0,,LAR,JAX,1611.63727316074,1273.47302186424,0.9105850969620807,0.08941490303791932,,,,,Matthew Stafford,Trevor Lawrence,200.89654783177681,112.90599742337058,17.658296338195257,-3.7168479127975713,0.9035534693509751,0.09644653064902486,,,"","",,,,,20,5,13
2021-12-05,2021,0,,PIT,BAL,1490.64438764893,1621.31155471021,0.4066068056364451,0.5933931943635549,,,,,Ben Roethlisberger,Lamar Jackson,181.3640994995039,206.40266803499276,-9.180348052029013,-0.03689741843403666,0.3703920267703089,0.6296079732296911,,,"","",,,,,67,64,66
2021-12-05,2021,0,,SEA,SF,1542.65571995445,1486.06487664884,0.6681729522919014,0.33182704770809857,,,,,Russell Wilson,Jimmy Garoppolo,188.27442239948527,131.33780876584203,-0.5878708404254382,-0.4572724402606809,0.5911516522604972,0.40884834773950285,,,"","",,,,,64,94,79
2021-12-06,2021,0,,BUF,NE,1690.42228327639,1497.10841644215,0.8156236742835365,0.18437632571646345,,,,,Josh Allen,Mac Jones,268.10045760393683,116.31275782445219,19.49243212700154,-7.629895983567339,0.8004518744021795,0.19954812559782054,,,"","",,,,,84,61,73
2021-12-09,2021,0,,MIN,PIT,1488.04635856338,1490.64438764893,0.5888503024219152,0.41114969757808484,,,,,Kirk Cousins,Ben Roethlisberger,205.35360848456816,181.3640994995039,7.10449790739182,-9.180348052029013,0.6290776654822243,0.3709223345177757,,,"","",,,,,38,56,47
2021-12-12,2021,0,,HOU,SEA,1383.36755507812,1542.65571995445,0.3675443036710272,0.6324556963289728,,,,,Tyrod Taylor,Russell Wilson,143.5136101431394,188.27442239948527,-55.984718142458156,-0.5878708404254382,0.28054356024307825,0.7194564397569218,,,"","",,,,,10,25,18
2021-12-12,2021,0,,CIN,SF,1456.1678492151,1486.06487664884,0.5503460445845965,0.44965395541540354,,,,,Joe Burrow,Jimmy Garoppolo,156.91154339739546,131.33780876584203,5.312282831977442,-0.4572724402606809,0.5054095975274238,0.49459040247257624,,,"","",,,,,47,84,66
2021-12-12,2021,0,,CLE,BAL,1563.22019317758,1621.31155471021,0.5099410197765286,0.4900589802234714,,,,,Baker Mayfield,Lamar Jackson,161.00708650515259,206.40266803499276,-2.0916159258802542,-0.03689741843403666,0.568426114750324,0.431573885249676,,,"","",,,,,88,83,86
2021-12-12,2021,0,,WSH,DAL,1439.85842600356,1527.92606197978,0.46685169668699944,0.5331483033130006,,,,,Ryan Fitzpatrick,Dak Prescott,171.22720289055349,241.78305419568034,6.665575997132599,18.13488639266765,0.4328205279068403,0.5671794720931598,,,"","",,,,,64,70,67
2021-12-12,2021,0,,CAR,ATL,1480.00402833493,1439.98444665858,0.6466945973673399,0.3533054026326601,,,,,Sam Darnold,Matt Ryan,120.83683491313697,197.0719864880735,-8.319461526037204,10.902314591783341,0.671638972681875,0.328361027318125,,,"","",,,,,25,55,40
2021-12-12,2021,0,,NYJ,NO,1337.30383525629,1613.50129890897,0.22868517832028606,0.7713148216797139,,,,,Zach Wilson,Jameis Winston,53.132819420774936,150.94269023310213,-27.62358712904538,-11.504349880075484,0.2621919161485783,0.7378080838514217,,,"","",,,,,18,30,24
2021-12-12,2021,0,,KC,OAK,1594.41683847623,1483.96686858075,0.7330145155621008,0.26698548443789916,,,,,Patrick Mahomes,Derek Carr,266.0646727728924,176.02484122926714,16.08371137410147,-4.632170748577345,0.7652484514010977,0.23475154859890235,,,"","",,,,,64,86,75
2021-12-12,2021,0,,TEN,JAX,1538.90847265372,1273.47302186424,0.8701334671777766,0.12986653282222338,,,,,Ryan Tannehill,Trevor Lawrence,167.20953044397294,112.90599742337058,-13.656273501611746,-3.7168479127975713,0.8462883215501283,0.15371167844987166,,,"","",,,,,6,15,11
2021-12-12,2021,0,,DEN,DET,1466.20595065902,1340.34448180703,0.7500139954599008,0.24998600454009923,,,,,Teddy Bridgewater,Jared Goff,162.30785295249095,158.4545904622144,9.830125822444614,-3.923072640073956,0.800737518719938,0.19926248128006196,,,"","",,,,,7,16,12
2021-12-12,2021,0,,LAC,NYG,1566.31500273359,1397.55106151604,0.7934181063481112,0.20658189365188884,,,,,Justin Herbert,Daniel Jones,228.45575863967406,159.80008132014893,22.14510933501933,13.546265909323289,0.8047613189949095,0.19523868100509045,,,"","",,,,,54,17,36
2021-12-12,2021,0,,TB,BUF,1664.11159051926,1690.42228327639,0.5554493811628113,0.4445506188371887,,,,,Tom Brady,Josh Allen,259.9785064404386,268.10045760393683,27.92745408529592,19.49243212700154,0.575147992203438,0.42485200779656196,,,"","",,,,,99,65,82
2021-12-12,2021,0,,GB,CHI,1631.90513323641,1513.17504140565,0.7422384129772271,0.25776158702277285,,,,,Aaron Rodgers,Justin Fields,232.22222826273867,58.76167697084388,-2.008675221042908,-40.581529603628965,0.7690823376818978,0.23091766231810218,,,"","",,,,,60,76,68
2021-12-13,2021,0,,ARI,LAR,1605.03210330494,1611.63727316074,0.5832544418986513,0.4167455581013487,,,,,Kyler Murray,Matthew Stafford,238.49361617765868,200.89654783177681,12.834724613499038,17.658296338195257,0.5679444154509994,0.4320555845490006,,,"","",,,,,93,92,93
2021-12-16,2021,0,,LAC,KC,1566.31500273359,1594.41683847623,0.5529019868425447,0.44709801315745534,,,,,Justin Herbert,Patrick Mahomes,228.45575863967406,266.0646727728924,22.14510933501933,16.08371137410147,0.5883508824306699,0.4116491175693301,,,"","",,,,,91,84,88
2021-12-19,2021,0,,IND,NE,1527.7823221298,1497.10841644215,0.6343080187273805,0.3656919812726195,,,,,Carson Wentz,Mac Jones,117.52632020278874,116.31275782445219,-10.958022036931528,-7.629895983567339,0.5815629458075066,0.41843705419249344,,,"","",,,,,45,91,68
2021-12-19,2021,0,,CLE,OAK,1563.22019317758,1483.96686858075,0.6964371516721941,0.3035628483278059,,,,,Baker Mayfield,Derek Carr,161.00708650515259,176.02484122926714,-2.0916159258802542,-4.632170748577345,0.7393790312086179,0.2606209687913821,,,"","",,,,,57,81,69
2021-12-19,2021,0,,MIA,NYJ,1453.47079293187,1337.30383525629,0.7394054835456146,0.26059451645438536,,,,,Tua Tagovailoa,Zach Wilson,110.05625557719111,53.132819420774936,-23.244845619470638,-27.62358712904538,0.7422737003039417,0.2577262996960583,,,"","",,,,,3,15,9
2021-12-19,2021,0,,PHI,WSH,1433.98603162706,1439.85842600356,0.584279391535985,0.41572060846401504,,,,,Jalen Hurts,Ryan Fitzpatrick,170.3818456360053,171.22720289055349,16.169051304658907,6.665575997132599,0.5852346319952715,0.4147653680047285,,,"","",,,,,32,73,53
2021-12-19,2021,0,,BUF,CAR,1690.42228327639,1480.00402833493,0.8299728586343461,0.1700271413656539,,,,,Josh Allen,Sam Darnold,268.10045760393683,120.83683491313697,19.49243212700154,-8.319461526037204,0.8164329655090206,0.18356703449097944,,,"","",,,,,81,40,61
2021-12-19,2021,0,,JAX,HOU,1273.47302186424,1383.36755507812,0.4357487765316724,0.5642512234683277,,,,,Trevor Lawrence,Tyrod Taylor,112.90599742337058,143.5136101431394,-3.7168479127975713,-55.984718142458156,0.5676412106606878,0.43235878933931216,,,"","",,,,,0,3,2
2021-12-19,2021,0,,NYG,DAL,1397.55106151604,1527.92606197978,0.4070126612747492,0.5929873387252508,,,,,Daniel Jones,Dak Prescott,159.80008132014893,241.78305419568034,13.546265909323289,18.13488639266765,0.36213826600270654,0.6378617339972934,,,"","",,,,,50,34,42
2021-12-19,2021,0,,BAL,GB,1621.31155471021,1631.90513323641,0.5776633555864524,0.42233664441354757,,,,,Lamar Jackson,Aaron Rodgers,206.40266803499276,232.22222826273867,-0.03689741843403666,-2.008675221042908,0.6158675545089668,0.3841324454910332,,,"","",,,,,90,41,66
2021-12-19,2021,0,,PIT,TEN,1490.64438764893,1538.90847265372,0.5240663066708029,0.4759336933291971,,,,,Ben Roethlisberger,Ryan Tannehill,181.3640994995039,167.20953044397294,-9.180348052029013,-13.656273501611746,0.5161090148864947,0.48389098511350526,,,"","",,,,,42,66,54
2021-12-19,2021,0,,DET,ARI,1340.34448180703,1605.03210330494,0.24058145397166192,0.759418546028338,,,,,Jared Goff,Kyler Murray,158.4545904622144,238.49361617765868,-3.923072640073956,12.834724613499038,0.20520506876519912,0.7947949312348008,,,"","",,,,,23,14,19
2021-12-19,2021,0,,DEN,CIN,1466.20595065902,1456.1678492151,0.6063401771621535,0.3936598228378465,,,,,Teddy Bridgewater,Joe Burrow,162.30785295249095,156.91154339739546,9.830125822444614,5.312282831977442,0.6254297797530038,0.37457022024699616,,,"","",,,,,39,93,66
2021-12-19,2021,0,,SF,ATL,1486.06487664884,1439.98444665858,0.6546246803503486,0.3453753196496514,,,,,Jimmy Garoppolo,Matt Ryan,131.33780876584203,197.0719864880735,-0.4572724402606809,10.902314591783341,0.7125421315452394,0.2874578684547606,,,"","",,,,,37,58,48
2021-12-19,2021,0,,LAR,SEA,1611.63727316074,1542.65571995445,0.683793354611463,0.31620664538853704,,,,,Matthew Stafford,Russell Wilson,200.89654783177681,188.27442239948527,17.658296338195257,-0.5878708404254382,0.6994481701099545,0.3005518298900455,,,"","",,,,,83,66,75
2021-12-19,2021,0,,TB,NO,1664.11159051926,1613.50129890897,0.6604962233848999,0.3395037766151001,,,,,Tom Brady,Jameis Winston,259.9785064404386,150.94269023310213,27.92745408529592,-11.504349880075484,0.7207719057559797,0.2792280942440203,,,"","",,,,,93,68,81
2021-12-20,2021,0,,CHI,MIN,1513.17504140565,1488.04635856338,0.6268723637580766,0.37312763624192335,,,,,Justin Fields,Kirk Cousins,58.76167697084388,205.35360848456816,-40.581529603628965,7.10449790739182,0.525966138756506,0.474033861243494,,,"","",,,,,37,89,63
2021-12-23,2021,0,,TEN,SF,1538.90847265372,1486.06487664884,0.6633730747751237,0.33662692522487625,,,,,Ryan Tannehill,Jimmy Garoppolo,167.20953044397294,131.33780876584203,-13.656273501611746,-0.4572724402606809,0.5662312932915894,0.4337687067084106,,,"","",,,,,58,74,66
2021-12-25,2021,0,,GB,CLE,1631.90513323641,1563.22019317758,0.6834240555805488,0.31657594441945125,,,,,Aaron Rodgers,Baker Mayfield,232.22222826273867,161.00708650515259,-2.008675221042908,-2.0916159258802542,0.5934040309298347,0.40659596907016526,,,"","",,,,,85,60,73
2021-12-25,2021,0,,ARI,IND,1605.03210330494,1527.7823221298,0.6939933541311486,0.3060066458688514,,,,,Kyler Murray,Carson Wentz,238.49361617765868,117.52632020278874,12.834724613499038,-10.958022036931528,0.7388877157590394,0.26111228424096056,,,"","",,,,,73,59,66
2021-12-26,2021,0,,NYJ,JAX,1337.30383525629,1273.47302186424,0.6773477696021485,0.3226522303978515,,,,,Zach Wilson,Trevor Lawrence,53.132819420774936,112.90599742337058,-27.62358712904538,-3.7168479127975713,0.6223809575890935,0.3776190424109065,,,"","",,,,,0,2,1
2021-12-26,2021,0,,CAR,TB,1480.00402833493,1664.11159051926,0.3350040692114001,0.6649959307886,,,,,Sam Darnold,Tom Brady,120.83683491313697,259.9785064404386,-8.319461526037204,27.92745408529592,0.3105962420574009,0.6894037579425991,,,"","",,,,,80,72,76
2021-12-26,2021,0,,HOU,LAC,1383.36755507812,1566.31500273359,0.33649343994879577,0.6635065600512042,,,,,Tyrod Taylor,Justin Herbert,143.5136101431394,228.45575863967406,-55.984718142458156,22.14510933501933,0.2006562241929677,0.7993437758070323,,,"","",,,,,20,16,18
2021-12-26,2021,0,,MIN,LAR,1488.04635856338,1611.63727316074,0.4164712194263087,0.5835287805736913,,,,,Kirk Cousins,Matthew Stafford,205.35360848456816,200.89654783177681,7.10449790739182,17.658296338195257,0.41241893020554776,0.5875810697944522,,,"","",,,,,76,61,69
2021-12-26,2021,0,,NE,BUF,1497.10841644215,1690.42228327639,0.3233029241849158,0.6766970758150842,,,,,Mac Jones,Josh Allen,116.31275782445219,268.10045760393683,-7.629895983567339,19.49243212700154,0.3234205041271699,0.6765794958728302,,,"","",,,,,84,85,85
2021-12-26,2021,0,,CIN,BAL,1456.1678492151,1621.31155471021,0.3597444423270755,0.6402555576729245,,,,,Joe Burrow,Lamar Jackson,156.91154339739546,206.40266803499276,5.312282831977442,-0.03689741843403666,0.37541909751909236,0.6245809024809077,,,"","",,,,,67,86,77
2021-12-26,2021,0,,ATL,DET,1439.98444665858,1340.34448180703,0.7206612161128344,0.2793387838871656,,,,,Matt Ryan,Jared Goff,197.0719864880735,158.4545904622144,10.902314591783341,-3.923072640073956,0.732459967627646,0.267540032372354,,,"","",,,,,3,6,5
2021-12-26,2021,0,,PHI,NYG,1433.98603162706,1397.55106151604,0.6419658244868525,0.35803417551314753,,,,,Jalen Hurts,Daniel Jones,170.3818456360053,159.80008132014893,16.169051304658907,13.546265909323289,0.6223579246346805,0.37764207536531946,,,"","",,,,,20,44,32
2021-12-26,2021,0,,SEA,CHI,1542.65571995445,1513.17504140565,0.6327132651513936,0.3672867348486064,,,,,Russell Wilson,Justin Fields,188.27442239948527,58.76167697084388,-0.5878708404254382,-40.581529603628965,0.6851296248900628,0.3148703751099372,,,"","",,,,,47,78,63
2021-12-26,2021,0,,KC,PIT,1594.41683847623,1490.64438764893,0.7254248169767247,0.2745751830232753,,,,,Patrick Mahomes,Ben Roethlisberger,266.0646727728924,181.3640994995039,16.08371137410147,-9.180348052029013,0.7592456122049407,0.2407543877950593,,,"","",,,,,65,68,67
2021-12-26,2021,0,,OAK,DEN,1483.96686858075,1466.20595065902,0.6168998239813711,0.3831001760186289,,,,,Derek Carr,Teddy Bridgewater,176.02484122926714,162.30785295249095,-4.632170748577345,9.830125822444614,0.5297147494282316,0.4702852505717684,,,"","",,,,,37,97,67
2021-12-26,2021,0,,DAL,WSH,1527.92606197978,1439.85842600356,0.7070559452843628,0.2929440547156372,,,,,Dak Prescott,Ryan Fitzpatrick,241.78305419568034,171.22720289055349,18.13488639266765,6.665575997132599,0.7229659693315805,0.2770340306684195,,,"","",,,,,64,68,66
2021-12-27,2021,0,,NO,MIA,1613.50129890897,1453.47079293187,0.7850563708289252,0.2149436291710748,,,,,Jameis Winston,Tua Tagovailoa,150.94269023310213,110.05625557719111,-11.504349880075484,-23.244845619470638,0.757262063277335,0.24273793672266497,,,"","",,,,,44,50,47
2022-01-02,2021,0,,NE,JAX,1497.10841644215,1273.47302186424,0.840441790902805,0.15955820909719498,,,,,Mac Jones,Trevor Lawrence,116.31275782445219,112.90599742337058,-7.629895983567339,-3.7168479127975713,0.814011333196996,0.18598866680300397,,,"","",,,,,5,14,10
2022-01-02,2021,0,,BUF,ATL,1690.42228327639,1439.98444665858,0.8600621370377778,0.13993786296222221,,,,,Josh Allen,Matt Ryan,268.10045760393683,197.0719864880735,19.49243212700154,10.902314591783341,0.8514386055936216,0.1485613944063784,,,"","",,,,,71,22,47
2022-01-02,2021,0,,NYJ,TB,1337.30383525629,1664.11159051926,0.18137096233419583,0.8186290376658042,,,,,Zach Wilson,Tom Brady,53.132819420774936,259.9785064404386,-27.62358712904538,27.92745408529592,0.1598937740251724,0.8401062259748275,,,"","",,,,,37,10,24
2022-01-02,2021,0,,NO,CAR,1613.50129890897,1480.00402833493,0.7581644088647665,0.24183559113523345,,,,,Jameis Winston,Sam Darnold,150.94269023310213,120.83683491313697,-11.504349880075484,-8.319461526037204,0.6977459060573884,0.3022540939426116,,,"","",,,,,58,92,75
2022-01-02,2021,0,,DAL,ARI,1527.92606197978,1605.03210330494,0.4825850533472302,0.5174149466527698,,,,,Dak Prescott,Kyler Murray,241.78305419568034,238.49361617765868,18.13488639266765,12.834724613499038,0.5454102195053515,0.4545897804946485,,,"","",,,,,89,80,85
2022-01-02,2021,0,,CIN,KC,1456.1678492151,1594.41683847623,0.39612077268642587,0.6038792273135741,,,,,Joe Burrow,Patrick Mahomes,156.91154339739546,266.0646727728924,5.312282831977442,16.08371137410147,0.3848806849659203,0.6151193150340797,,,"","",,,,,66,94,80
2022-01-02,2021,0,,WSH,PHI,1439.85842600356,1433.98603162706,0.6006020539491285,0.39939794605087153,,,,,Ryan Fitzpatrick,Jalen Hurts,171.22720289055349,170.3818456360053,6.665575997132599,16.169051304658907,0.6077971837947166,0.3922028162052834,,,"","",,,,,32,72,52
2022-01-02,2021,0,,IND,OAK,1527.7823221298,1483.96686858075,0.6516709330793309,0.3483290669206691,,,,,Carson Wentz,Derek Carr,117.52632020278874,176.02484122926714,-10.958022036931528,-4.632170748577345,0.631377767787938,0.36862223221206203,,,"","",,,,,36,89,63
2022-01-02,2021,0,,TEN,MIA,1538.90847265372,1453.47079293187,0.703910385988094,0.29608961401190603,,,,,Ryan Tannehill,Tua Tagovailoa,167.20953044397294,110.05625557719111,-13.656273501611746,-23.244845619470638,0.6969587565703562,0.3030412434296438,,,"","",,,,,31,63,47
2022-01-02,2021,0,,CHI,NYG,1513.17504140565,1397.55106151604,0.7388027707008755,0.2611972292991245,,,,,Justin Fields,Daniel Jones,58.76167697084388,159.80008132014893,-40.581529603628965,13.546265909323289,0.6287187059770404,0.3712812940229596,,,"","",,,,,20,41,31
2022-01-02,2021,0,,LAC,DEN,1566.31500273359,1466.20595065902,0.7212044823675671,0.27879551763243293,,,,,Justin Herbert,Teddy Bridgewater,228.45575863967406,162.30785295249095,22.14510933501933,9.830125822444614,0.7254961367140352,0.27450386328596477,,,"","",,,,,73,72,73
2022-01-02,2021,0,,SF,HOU,1486.06487664884,1383.36755507812,0.724190362710299,0.275809637289701,,,,,Jimmy Garoppolo,Tyrod Taylor,131.33780876584203,143.5136101431394,-0.4572724402606809,-55.984718142458156,0.8347935441258992,0.16520645587410077,,,"","",,,,,10,16,13
2022-01-02,2021,0,,SEA,DET,1542.65571995445,1340.34448180703,0.8232854380543856,0.1767145619456144,,,,,Russell Wilson,Jared Goff,188.27442239948527,158.4545904622144,-0.5878708404254382,-3.923072640073956,0.8342829529282613,0.16571704707173873,,,"","",,,,,12,12,12
2022-01-02,2021,0,,BAL,LAR,1621.31155471021,1611.63727316074,0.6058401700825373,0.3941598299174627,,,,,Lamar Jackson,Matthew Stafford,206.40266803499276,200.89654783177681,-0.03689741843403666,17.658296338195257,0.5796584708341946,0.42034152916580536,,,"","",,,,,93,49,71
2022-01-02,2021,0,,GB,MIN,1631.90513323641,1488.04635856338,0.768931511958069,0.23106848804193103,,,,,Aaron Rodgers,Kirk Cousins,232.22222826273867,205.35360848456816,-2.008675221042908,7.10449790739182,0.6984814262945177,0.3015185737054823,,,"","",,,,,69,81,75
2022-01-03,2021,0,,PIT,CLE,1490.64438764893,1563.22019317758,0.48909926699784395,0.510900733002156,,,,,Ben Roethlisberger,Baker Mayfield,181.3640994995039,161.00708650515259,-9.180348052029013,-2.0916159258802542,0.41574730441630886,0.5842526955836911,,,"","",,,,,58,85,72
2022-01-09,2021,0,,HOU,TEN,1383.36755507812,1538.90847265372,0.37257274754007297,0.627427252459927,,,,,Tyrod Taylor,Ryan Tannehill,143.5136101431394,167.20953044397294,-55.984718142458156,-13.656273501611746,0.30190306553964036,0.6980969344603596,,,"","",,,,,7,42,25
2022-01-09,2021,0,,MIN,CHI,1488.04635856338,1513.17504140565,0.5571288696261003,0.4428711303738997,,,,,Kirk Cousins,Justin Fields,205.35360848456816,58.76167697084388,7.10449790739182,-40.581529603628965,0.6331224621568046,0.36687753784319543,,,"","",,,,,37,83,60
2022-01-09,2021,0,,ATL,NO,1439.98444665858,1613.50129890897,0.34871934897915,0.65128065102085,,,,,Matt Ryan,Jameis Winston,197.0719864880735,150.94269023310213,10.902314591783341,-11.504349880075484,0.39448077857167174,0.6055192214283283,,,"","",,,,,47,78,63
2022-01-09,2021,0,,BUF,NYJ,1690.42228327639,1337.30383525629,0.9173506830683814,0.08264931693161859,,,,,Josh Allen,Zach Wilson,268.10045760393683,53.132819420774936,19.49243212700154,-27.62358712904538,0.9136964276965067,0.08630357230349328,,,"","",,,,,38,9,24
2022-01-09,2021,0,,NYG,WSH,1397.55106151604,1439.85842600356,0.5326109679983212,0.4673890320016788,,,,,Daniel Jones,Ryan Fitzpatrick,159.80008132014893,171.22720289055349,13.546265909323289,6.665575997132599,0.5053327402131315,0.49466725978686854,,,"","",,,,,24,32,28
2022-01-09,2021,0,,CLE,CIN,1563.22019317758,1456.1678492151,0.7291694713116733,0.2708305286883267,,,,,Baker Mayfield,Joe Burrow,161.00708650515259,156.91154339739546,-2.0916159258802542,5.312282831977442,0.7241109451173656,0.2758890548826344,,,"","",,,,,59,88,74
2022-01-09,2021,0,,MIA,NE,1453.47079293187,1497.10841644215,0.5307042481983506,0.4692957518016494,,,,,Tua Tagovailoa,Mac Jones,110.05625557719111,116.31275782445219,-23.244845619470638,-7.629895983567339,0.4860372194063377,0.5139627805936623,,,"","",,,,,27,80,54
2022-01-09,2021,0,,TB,CAR,1664.11159051926,1480.00402833493,0.8075204395175937,0.19247956048240633,,,,,Tom Brady,Sam Darnold,259.9785064404386,120.83683491313697,27.92745408529592,-8.319461526037204,0.8106235536117107,0.18937644638828932,,,"","",,,,,80,51,66
2022-01-09,2021,0,,PHI,DAL,1433.98603162706,1527.92606197978,0.45844800328096924,0.5415519967190308,,,,,Jalen Hurts,Dak Prescott,170.3818456360053,241.78305419568034,16.169051304658907,18.13488639266765,0.4044961530694892,0.5955038469305107,,,"","",,,,,58,81,70
2022-01-09,2021,0,,DET,GB,1340.34448180703,1631.90513323641,0.21346103613977924,0.7865389638602207,,,,,Jared Goff,Aaron Rodgers,158.4545904622144,232.22222826273867,-3.923072640073956,-2.008675221042908,0.22282294754486548,0.7771770524551345,,,"","",,,,,19,15,17
2022-01-09,2021,0,,JAX,IND,1273.47302186424,1527.7823221298,0.25166499411343385,0.7483350058865661,,,,,Trevor Lawrence,Carson Wentz,112.90599742337058,117.52632020278874,-3.7168479127975713,-10.958022036931528,0.3103935837414687,0.6896064162585314,,,"","",,,,,5,35,20
2022-01-09,2021,0,,BAL,PIT,1621.31155471021,1490.64438764893,0.7551648152968795,0.2448351847031205,,,,,Lamar Jackson,Ben Roethlisberger,206.40266803499276,181.3640994995039,-0.03689741843403666,-9.180348052029013,0.7636577511897209,0.2363422488102791,,,"","",,,,,67,58,63
2022-01-09,2021,0,,ARI,SEA,1605.03210330494,1542.65571995445,0.6755152961191587,0.3244847038808413,,,,,Kyler Murray,Russell Wilson,238.49361617765868,188.27442239948527,12.834724613499038,-0.5878708404254382,0.6892611792873783,0.3107388207126217,,,"","",,,,,81,81,81
2022-01-09,2021,0,,DEN,KC,1466.20595065902,1594.41683847623,0.41002280100871935,0.5899771989912806,,,,,Teddy Bridgewater,Patrick Mahomes,162.30785295249095,266.0646727728924,9.830125822444614,16.08371137410147,0.42620911583220034,0.5737908841677997,,,"","",,,,,73,97,85
2022-01-09,2021,0,,OAK,LAC,1483.96686858075,1566.31500273359,0.47505475577558354,0.5249452442244165,,,,,Derek Carr,Justin Herbert,176.02484122926714,228.45575863967406,-4.632170748577345,22.14510933501933,0.3715256306128151,0.6284743693871848,,,"","",,,,,64,75,70
2022-01-09,2021,0,,LAR,SF,1611.63727316074,1486.06487664884,0.7497018709193335,0.2502981290806665,,,,,Matthew Stafford,Jimmy Garoppolo,200.89654783177681,131.33780876584203,17.658296338195257,-0.4572724402606809,0.7040701556967258,0.2959298443032742,,,"","",,,,,82,74,78
